fips,name,state,state_code
1001,Autauga,AL,01
1003,Baldwin,AL,01
1005,Barbour,AL,01
1007,Bibb,AL,01
1009,Blount,AL,01
1011,Bullock,AL,01
1013,Butler,AL,01
1015,Calhoun,AL,01
1017,Chambers,AL,01
1019,Cherokee,AL,01
1021,Chilton,AL,01
1023,Choctaw,AL,01
1025,Clarke,AL,01
1027,Clay,AL,01
1029,Cleburne,AL,01
1031,Coffee,AL,01
1033,Colbert,AL,01
1035,Conecuh,AL,01
1037,Coosa,AL,01
1039,Covington,AL,01
1041,Crenshaw,AL,01
1043,Cullman,AL,01
1045,Dale,AL,01
1047,Dallas,AL,01
1049,De Kalb,AL,01
1051,Elmore,AL,01
1053,Escambia,AL,01
1055,Etowah,AL,01
1057,Fayette,AL,01
1059,Franklin,AL,01
1061,Geneva,AL,01
1063,Greene,AL,01
1065,Hale,AL,01
1067,Henry,AL,01
1069,Houston,AL,01
1071,Jackson,AL,01
1073,Jefferson,AL,01
1075,Lamar,AL,01
1077,Lauderdale,AL,01
1079,Lawrence,AL,01
1081,Lee,AL,01
1083,Limestone,AL,01
1085,Lowndes,AL,01
1087,Macon,AL,01
1089,Madison,AL,01
1091,Marengo,AL,01
1093,Marion,AL,01
1095,Marshall,AL,01
1097,Mobile,AL,01
1099,Monroe,AL,01
1101,Montgomery,AL,01
1103,Morgan,AL,01
1105,Perry,AL,01
1107,Pickens,AL,01
1109,Pike,AL,01
1111,Randolph,AL,01
1113,Russell,AL,01
1115,St Clair,AL,01
1117,Shelby,AL,01
1119,Sumter,AL,01
1121,Talladega,AL,01
1123,Tallapoosa,AL,01
1125,Tuscaloosa,AL,01
1127,Walker,AL,01
1129,Washington,AL,01
1131,Wilcox,AL,01
1133,Winston,AL,01
2013,Aleutians East,AK,02
2016,Aleutians West,AK,02
2020,Anchorage,AK,02
2050,Bethel,AK,02
2060,Bristol Bay,AK,02
2068,Denali,AK,02
2070,Dillingham,AK,02
2090,Fairbanks North Star,AK,02
2100,Haines,AK,02
2110,Juneau,AK,02
2122,Kenai Peninsula,AK,02
2130,Ketchikan Gateway,AK,02
2150,Kodiak Island,AK,02
2164,Lake and Peninsula,AK,02
2170,Matanuska-Susitna,AK,02
2180,Nome,AK,02
2185,North Slope,AK,02
2188,Northwest Arctic,AK,02
2201,Prince of Wales-Outer Ketchikan,AK,02
2220,Sitka,AK,02
2232,Skagway-Hoonah-Angoon,AK,02
2240,Southeast Fairbanks,AK,02
2261,Valdez-Cordova,AK,02
2270,Wade Hampton,AK,02
2280,Wrangell-Petersburg,AK,02
2282,Yakutat,AK,02
2290,Yukon-Koyukuk,AK,02
4001,Apache,AZ,03
4003,Cochise,AZ,03
4005,Coconino,AZ,03
4007,Gila,AZ,03
4009,Graham,AZ,03
4011,Greenlee,AZ,03
4012,La Paz,AZ,03
4013,Maricopa,AZ,03
4015,Mohave,AZ,03
4017,Navajo,AZ,03
4019,Pima,AZ,03
4021,Pinal,AZ,03
4023,Santa Cruz,AZ,03
4025,Yavapai,AZ,03
4027,Yuma,AZ,03
5001,Arkansas,AR,04
5003,Ashley,AR,04
5005,Baxter,AR,04
5007,Benton,AR,04
5009,Boone,AR,04
5011,Bradley,AR,04
5013,Calhoun,AR,04
5015,Carroll,AR,04
5017,Chicot,AR,04
5019,Clark,AR,04
5021,Clay,AR,04
5023,Cleburne,AR,04
5025,Cleveland,AR,04
5027,Columbia,AR,04
5029,Conway,AR,04
5031,Craighead,AR,04
5033,Crawford,AR,04
5035,Crittenden,AR,04
5037,Cross,AR,04
5039,Dallas,AR,04
5041,Desha,AR,04
5043,Drew,AR,04
5045,Faulkner,AR,04
5047,Franklin,AR,04
5049,Fulton,AR,04
5051,Garland,AR,04
5053,Grant,AR,04
5055,Greene,AR,04
5057,Hempstead,AR,04
5059,Hot Spring,AR,04
5061,Howard,AR,04
5063,Independence,AR,04
5065,Izard,AR,04
5067,Jackson,AR,04
5069,Jefferson,AR,04
5071,Johnson,AR,04
5073,Lafayette,AR,04
5075,Lawrence,AR,04
5077,Lee,AR,04
5079,Lincoln,AR,04
5081,Little River,AR,04
5083,Logan,AR,04
5085,Lonoke,AR,04
5087,Madison,AR,04
5089,Marion,AR,04
5091,Miller,AR,04
5093,Mississippi,AR,04
5095,Monroe,AR,04
5097,Montgomery,AR,04
5099,Nevada,AR,04
5101,Newton,AR,04
5103,Ouachita,AR,04
5105,Perry,AR,04
5107,Phillips,AR,04
5109,Pike,AR,04
5111,Poinsett,AR,04
5113,Polk,AR,04
5115,Pope,AR,04
5117,Prairie,AR,04
5119,Pulaski,AR,04
5121,Randolph,AR,04
5123,St Francis,AR,04
5125,Saline,AR,04
5127,Scott,AR,04
5129,Searcy,AR,04
5131,Sebastian,AR,04
5133,Sevier,AR,04
5135,Sharp,AR,04
5137,Stone,AR,04
5139,Union,AR,04
5141,Van Buren,AR,04
5143,Washington,AR,04
5145,White,AR,04
5147,Woodruff,AR,04
5149,Yell,AR,04
6001,Alameda,CA,05
6003,Alpine,CA,05
6005,Amador,CA,05
6007,Butte,CA,05
6009,Calaveras,CA,05
6011,Colusa,CA,05
6013,Contra Costa,CA,05
6015,Del Norte,CA,05
6017,El Dorado,CA,05
6019,Fresno,CA,05
6021,Glenn,CA,05
6023,Humboldt,CA,05
6025,Imperial,CA,05
6027,Inyo,CA,05
6029,Kern,CA,05
6031,Kings,CA,05
6033,Lake,CA,05
6035,Lassen,CA,05
6037,Los Angeles,CA,05
6039,Madera,CA,05
6041,Marin,CA,05
6043,Mariposa,CA,05
6045,Mendocino,CA,05
6047,Merced,CA,05
6049,Modoc,CA,05
6051,Mono,CA,05
6053,Monterey,CA,05
6055,Napa,CA,05
6057,Nevada,CA,05
6059,Orange,CA,05
6061,Placer,CA,05
6063,Plumas,CA,05
6065,Riverside,CA,05
6067,Sacramento,CA,05
6069,San Benito,CA,05
6071,San Bernardino,CA,05
6073,San Diego,CA,05
6075,San Francisco,CA,05
6077,San Joaquin,CA,05
6079,San Luis Obispo,CA,05
6081,San Mateo,CA,05
6083,Santa Barbara,CA,05
6085,Santa Clara,CA,05
6087,Santa Cruz,CA,05
6089,Shasta,CA,05
6091,Sierra,CA,05
6093,Siskiyou,CA,05
6095,Solano,CA,05
6097,Sonoma,CA,05
6099,Stanislaus,CA,05
6101,Sutter,CA,05
6103,Tehama,CA,05
6105,Trinity,CA,05
6107,Tulare,CA,05
6109,Tuolumne,CA,05
6111,Ventura,CA,05
6113,Yolo,CA,05
6115,Yuba,CA,05
8001,Adams,CO,06
8003,Alamosa,CO,06
8005,Arapahoe,CO,06
8007,Archuleta,CO,06
8009,Baca,CO,06
8011,Bent,CO,06
8013,Boulder,CO,06
8015,Chaffee,CO,06
8017,Cheyenne,CO,06
8019,Clear Creek,CO,06
8021,Conejos,CO,06
8023,Costilla,CO,06
8025,Crowley,CO,06
8027,Custer,CO,06
8029,Delta,CO,06
8031,Denver,CO,06
8033,Dolores,CO,06
8035,Douglas,CO,06
8037,Eagle,CO,06
8039,Elbert,CO,06
8041,El Paso,CO,06
8043,Fremont,CO,06
8045,Garfield,CO,06
8047,Gilpin,CO,06
8049,Grand,CO,06
8051,Gunnison,CO,06
8053,Hinsdale,CO,06
8055,Huerfano,CO,06
8057,Jackson,CO,06
8059,Jefferson,CO,06
8061,Kiowa,CO,06
8063,Kit Carson,CO,06
8065,Lake,CO,06
8067,La Plata,CO,06
8069,Larimer,CO,06
8071,Las Animas,CO,06
8073,Lincoln,CO,06
8075,Logan,CO,06
8077,Mesa,CO,06
8079,Mineral,CO,06
8081,Moffat,CO,06
8083,Montezuma,CO,06
8085,Montrose,CO,06
8087,Morgan,CO,06
8089,Otero,CO,06
8091,Ouray,CO,06
8093,Park,CO,06
8095,Phillips,CO,06
8097,Pitkin,CO,06
8099,Prowers,CO,06
8101,Pueblo,CO,06
8103,Rio Blanco,CO,06
8105,Rio Grande,CO,06
8107,Routt,CO,06
8109,Saguache,CO,06
8111,San Juan,CO,06
8113,San Miguel,CO,06
8115,Sedgwick,CO,06
8117,Summit,CO,06
8119,Teller,CO,06
8121,Washington,CO,06
8123,Weld,CO,06
8125,Yuma,CO,06
9001,Fairfield,CT,07
9003,Hartford,CT,07
9005,Litchfield,CT,07
9007,Middlesex,CT,07
9009,New Haven,CT,07
9011,New London,CT,07
9013,Tolland,CT,07
9015,Windham,CT,07
10001,Kent,DE,08
10003,New Castle,DE,08
10005,Sussex,DE,08
11001,Washington,DC,09
12001,Alachua,FL,10
12003,Baker,FL,10
12005,Bay,FL,10
12007,Bradford,FL,10
12009,Brevard,FL,10
12011,Broward,FL,10
12013,Calhoun,FL,10
12015,Charlotte,FL,10
12017,Citrus,FL,10
12019,Clay,FL,10
12021,Collier,FL,10
12023,Columbia,FL,10
12027,De Soto,FL,10
12029,Dixie,FL,10
12031,Duval,FL,10
12033,Escambia,FL,10
12035,Flagler,FL,10
12037,Franklin,FL,10
12039,Gadsden,FL,10
12041,Gilchrist,FL,10
12043,Glades,FL,10
12045,Gulf,FL,10
12047,Hamilton,FL,10
12049,Hardee,FL,10
12051,Hendry,FL,10
12053,Hernando,FL,10
12055,Highlands,FL,10
12057,Hillsborough,FL,10
12059,Holmes,FL,10
12061,Indian River,FL,10
12063,Jackson,FL,10
12065,Jefferson,FL,10
12067,Lafayette,FL,10
12069,Lake,FL,10
12071,Lee,FL,10
12073,Leon,FL,10
12075,Levy,FL,10
12077,Liberty,FL,10
12079,Madison,FL,10
12081,Manatee,FL,10
12083,Marion,FL,10
12085,Martin,FL,10
12086,Miami-Dade,FL,10
12087,Monroe,FL,10
12089,Nassau,FL,10
12091,Okaloosa,FL,10
12093,Okeechobee,FL,10
12095,Orange,FL,10
12097,Osceola,FL,10
12099,Palm Beach,FL,10
12101,Pasco,FL,10
12103,Pinellas,FL,10
12105,Polk,FL,10
12107,Putnam,FL,10
12109,St Johns,FL,10
12111,St Lucie,FL,10
12113,Santa Rosa,FL,10
12115,Sarasota,FL,10
12117,Seminole,FL,10
12119,Sumter,FL,10
12121,Suwannee,FL,10
12123,Taylor,FL,10
12125,Union,FL,10
12127,Volusia,FL,10
12129,Wakulla,FL,10
12131,Walton,FL,10
12133,Washington,FL,10
13001,Appling,GA,11
13003,Atkinson,GA,11
13005,Bacon,GA,11
13007,Baker,GA,11
13009,Baldwin,GA,11
13011,Banks,GA,11
13013,Barrow,GA,11
13015,Bartow,GA,11
13017,Ben Hill,GA,11
13019,Berrien,GA,11
13021,Bibb,GA,11
13023,Bleckley,GA,11
13025,Brantley,GA,11
13027,Brooks,GA,11
13029,Bryan,GA,11
13031,Bulloch,GA,11
13033,Burke,GA,11
13035,Butts,GA,11
13037,Calhoun,GA,11
13039,Camden,GA,11
13043,Candler,GA,11
13045,Carroll,GA,11
13047,Catoosa,GA,11
13049,Charlton,GA,11
13051,Chatham,GA,11
13053,Chattahoochee,GA,11
13055,Chattooga,GA,11
13057,Cherokee,GA,11
13059,Clarke,GA,11
13061,Clay,GA,11
13063,Clayton,GA,11
13065,Clinch,GA,11
13067,Cobb,GA,11
13069,Coffee,GA,11
13071,Colquitt,GA,11
13073,Columbia,GA,11
13075,Cook,GA,11
13077,Coweta,GA,11
13079,Crawford,GA,11
13081,Crisp,GA,11
13083,Dade,GA,11
13085,Dawson,GA,11
13087,Decatur,GA,11
13089,De Kalb,GA,11
13091,Dodge,GA,11
13093,Dooly,GA,11
13095,Dougherty,GA,11
13097,Douglas,GA,11
13099,Early,GA,11
13101,Echols,GA,11
13103,Effingham,GA,11
13105,Elbert,GA,11
13107,Emanuel,GA,11
13109,Evans,GA,11
13111,Fannin,GA,11
13113,Fayette,GA,11
13115,Floyd,GA,11
13117,Forsyth,GA,11
13119,Franklin,GA,11
13121,Fulton,GA,11
13123,Gilmer,GA,11
13125,Glascock,GA,11
13127,Glynn,GA,11
13129,Gordon,GA,11
13131,Grady,GA,11
13133,Greene,GA,11
13135,Gwinnett,GA,11
13137,Habersham,GA,11
13139,Hall,GA,11
13141,Hancock,GA,11
13143,Haralson,GA,11
13145,Harris,GA,11
13147,Hart,GA,11
13149,Heard,GA,11
13151,Henry,GA,11
13153,Houston,GA,11
13155,Irwin,GA,11
13157,Jackson,GA,11
13159,Jasper,GA,11
13161,Jeff Davis,GA,11
13163,Jefferson,GA,11
13165,Jenkins,GA,11
13167,Johnson,GA,11
13169,Jones,GA,11
13171,Lamar,GA,11
13173,Lanier,GA,11
13175,Laurens,GA,11
13177,Lee,GA,11
13179,Liberty,GA,11
13181,Lincoln,GA,11
13183,Long,GA,11
13185,Lowndes,GA,11
13187,Lumpkin,GA,11
13189,McDuffie,GA,11
13191,McIntosh,GA,11
13193,Macon,GA,11
13195,Madison,GA,11
13197,Marion,GA,11
13199,Meriwether,GA,11
13201,Miller,GA,11
13205,Mitchell,GA,11
13207,Monroe,GA,11
13209,Montgomery,GA,11
13211,Morgan,GA,11
13213,Murray,GA,11
13215,Muscogee,GA,11
13217,Newton,GA,11
13219,Oconee,GA,11
13221,Oglethorpe,GA,11
13223,Paulding,GA,11
13225,Peach,GA,11
13227,Pickens,GA,11
13229,Pierce,GA,11
13231,Pike,GA,11
13233,Polk,GA,11
13235,Pulaski,GA,11
13237,Putnam,GA,11
13239,Quitman,GA,11
13241,Rabun,GA,11
13243,Randolph,GA,11
13245,Richmond,GA,11
13247,Rockdale,GA,11
13249,Schley,GA,11
13251,Screven,GA,11
13253,Seminole,GA,11
13255,Spalding,GA,11
13257,Stephens,GA,11
13259,Stewart,GA,11
13261,Sumter,GA,11
13263,Talbot,GA,11
13265,Taliaferro,GA,11
13267,Tattnall,GA,11
13269,Taylor,GA,11
13271,Telfair,GA,11
13273,Terrell,GA,11
13275,Thomas,GA,11
13277,Tift,GA,11
13279,Toombs,GA,11
13281,Towns,GA,11
13283,Treutlen,GA,11
13285,Troup,GA,11
13287,Turner,GA,11
13289,Twiggs,GA,11
13291,Union,GA,11
13293,Upson,GA,11
13295,Walker,GA,11
13297,Walton,GA,11
13299,Ware,GA,11
13301,Warren,GA,11
13303,Washington,GA,11
13305,Wayne,GA,11
13307,Webster,GA,11
13309,Wheeler,GA,11
13311,White,GA,11
13313,Whitfield,GA,11
13315,Wilcox,GA,11
13317,Wilkes,GA,11
13319,Wilkinson,GA,11
13321,Worth,GA,11
15001,Hawaii,HI,12
15003,Honolulu,HI,12
15007,Kauai,HI,12
15009,Maui,HI,12
16001,Ada,ID,13
16003,Adams,ID,13
16005,Bannock,ID,13
16007,Bear Lake,ID,13
16009,Benewah,ID,13
16011,Bingham,ID,13
16013,Blaine,ID,13
16015,Boise,ID,13
16017,Bonner,ID,13
16019,Bonneville,ID,13
16021,Boundary,ID,13
16023,Butte,ID,13
16025,Camas,ID,13
16027,Canyon,ID,13
16029,Caribou,ID,13
16031,Cassia,ID,13
16033,Clark,ID,13
16035,Clearwater,ID,13
16037,Custer,ID,13
16039,Elmore,ID,13
16041,Franklin,ID,13
16043,Fremont,ID,13
16045,Gem,ID,13
16047,Gooding,ID,13
16049,Idaho,ID,13
16051,Jefferson,ID,13
16053,Jerome,ID,13
16055,Kootenai,ID,13
16057,Latah,ID,13
16059,Lemhi,ID,13
16061,Lewis,ID,13
16063,Lincoln,ID,13
16065,Madison,ID,13
16067,Minidoka,ID,13
16069,Nez Perce,ID,13
16071,Oneida,ID,13
16073,Owyhee,ID,13
16075,Payette,ID,13
16077,Power,ID,13
16079,Shoshone,ID,13
16081,Teton,ID,13
16083,Twin Falls,ID,13
16085,Valley,ID,13
16087,Washington,ID,13
17001,Adams,IL,14
17003,Alexander,IL,14
17005,Bond,IL,14
17007,Boone,IL,14
17009,Brown,IL,14
17011,Bureau,IL,14
17013,Calhoun,IL,14
17015,Carroll,IL,14
17017,Cass,IL,14
17019,Champaign,IL,14
17021,Christian,IL,14
17023,Clark,IL,14
17025,Clay,IL,14
17027,Clinton,IL,14
17029,Coles,IL,14
17031,Cook,IL,14
17033,Crawford,IL,14
17035,Cumberland,IL,14
17037,De Kalb,IL,14
17039,De Witt,IL,14
17041,Douglas,IL,14
17043,Du Page,IL,14
17045,Edgar,IL,14
17047,Edwards,IL,14
17049,Effingham,IL,14
17051,Fayette,IL,14
17053,Ford,IL,14
17055,Franklin,IL,14
17057,Fulton,IL,14
17059,Gallatin,IL,14
17061,Greene,IL,14
17063,Grundy,IL,14
17065,Hamilton,IL,14
17067,Hancock,IL,14
17069,Hardin,IL,14
17071,Henderson,IL,14
17073,Henry,IL,14
17075,Iroquois,IL,14
17077,Jackson,IL,14
17079,Jasper,IL,14
17081,Jefferson,IL,14
17083,Jersey,IL,14
17085,Jo Daviess,IL,14
17087,Johnson,IL,14
17089,Kane,IL,14
17091,Kankakee,IL,14
17093,Kendall,IL,14
17095,Knox,IL,14
17097,Lake,IL,14
17099,La Salle,IL,14
17101,Lawrence,IL,14
17103,Lee,IL,14
17105,Livingston,IL,14
17107,Logan,IL,14
17109,McDonough,IL,14
17111,McHenry,IL,14
17113,McLean,IL,14
17115,Macon,IL,14
17117,Macoupin,IL,14
17119,Madison,IL,14
17121,Marion,IL,14
17123,Marshall,IL,14
17125,Mason,IL,14
17127,Massac,IL,14
17129,Menard,IL,14
17131,Mercer,IL,14
17133,Monroe,IL,14
17135,Montgomery,IL,14
17137,Morgan,IL,14
17139,Moultrie,IL,14
17141,Ogle,IL,14
17143,Peoria,IL,14
17145,Perry,IL,14
17147,Piatt,IL,14
17149,Pike,IL,14
17151,Pope,IL,14
17153,Pulaski,IL,14
17155,Putnam,IL,14
17157,Randolph,IL,14
17159,Richland,IL,14
17161,Rock Island,IL,14
17163,St Clair,IL,14
17165,Saline,IL,14
17167,Sangamon,IL,14
17169,Schuyler,IL,14
17171,Scott,IL,14
17173,Shelby,IL,14
17175,Stark,IL,14
17177,Stephenson,IL,14
17179,Tazewell,IL,14
17181,Union,IL,14
17183,Vermilion,IL,14
17185,Wabash,IL,14
17187,Warren,IL,14
17189,Washington,IL,14
17191,Wayne,IL,14
17193,White,IL,14
17195,Whiteside,IL,14
17197,Will,IL,14
17199,Williamson,IL,14
17201,Winnebago,IL,14
17203,Woodford,IL,14
18001,Adams,IN,15
18003,Allen,IN,15
18005,Bartholomew,IN,15
18007,Benton,IN,15
18009,Blackford,IN,15
18011,Boone,IN,15
18013,Brown,IN,15
18015,Carroll,IN,15
18017,Cass,IN,15
18019,Clark,IN,15
18021,Clay,IN,15
18023,Clinton,IN,15
18025,Crawford,IN,15
18027,Daviess,IN,15
18029,Dearborn,IN,15
18031,Decatur,IN,15
18033,De Kalb,IN,15
18035,Delaware,IN,15
18037,Dubois,IN,15
18039,Elkhart,IN,15
18041,Fayette,IN,15
18043,Floyd,IN,15
18045,Fountain,IN,15
18047,Franklin,IN,15
18049,Fulton,IN,15
18051,Gibson,IN,15
18053,Grant,IN,15
18055,Greene,IN,15
18057,Hamilton,IN,15
18059,Hancock,IN,15
18061,Harrison,IN,15
18063,Hendricks,IN,15
18065,Henry,IN,15
18067,Howard,IN,15
18069,Huntington,IN,15
18071,Jackson,IN,15
18073,Jasper,IN,15
18075,Jay,IN,15
18077,Jefferson,IN,15
18079,Jennings,IN,15
18081,Johnson,IN,15
18083,Knox,IN,15
18085,Kosciusko,IN,15
18087,La Grange,IN,15
18089,Lake,IN,15
18091,La Porte,IN,15
18093,Lawrence,IN,15
18095,Madison,IN,15
18097,Marion,IN,15
18099,Marshall,IN,15
18101,Martin,IN,15
18103,Miami,IN,15
18105,Monroe,IN,15
18107,Montgomery,IN,15
18109,Morgan,IN,15
18111,Newton,IN,15
18113,Noble,IN,15
18115,Ohio,IN,15
18117,Orange,IN,15
18119,Owen,IN,15
18121,Parke,IN,15
18123,Perry,IN,15
18125,Pike,IN,15
18127,Porter,IN,15
18129,Posey,IN,15
18131,Pulaski,IN,15
18133,Putnam,IN,15
18135,Randolph,IN,15
18137,Ripley,IN,15
18139,Rush,IN,15
18141,St Joseph,IN,15
18143,Scott,IN,15
18145,Shelby,IN,15
18147,Spencer,IN,15
18149,Starke,IN,15
18151,Steuben,IN,15
18153,Sullivan,IN,15
18155,Switzerland,IN,15
18157,Tippecanoe,IN,15
18159,Tipton,IN,15
18161,Union,IN,15
18163,Vanderburgh,IN,15
18165,Vermillion,IN,15
18167,Vigo,IN,15
18169,Wabash,IN,15
18171,Warren,IN,15
18173,Warrick,IN,15
18175,Washington,IN,15
18177,Wayne,IN,15
18179,Wells,IN,15
18181,White,IN,15
18183,Whitley,IN,15
19001,Adair,IA,16
19003,Adams,IA,16
19005,Allamakee,IA,16
19007,Appanoose,IA,16
19009,Audubon,IA,16
19011,Benton,IA,16
19013,Black Hawk,IA,16
19015,Boone,IA,16
19017,Bremer,IA,16
19019,Buchanan,IA,16
19021,Buena Vista,IA,16
19023,Butler,IA,16
19025,Calhoun,IA,16
19027,Carroll,IA,16
19029,Cass,IA,16
19031,Cedar,IA,16
19033,Cerro Gordo,IA,16
19035,Cherokee,IA,16
19037,Chickasaw,IA,16
19039,Clarke,IA,16
19041,Clay,IA,16
19043,Clayton,IA,16
19045,Clinton,IA,16
19047,Crawford,IA,16
19049,Dallas,IA,16
19051,Davis,IA,16
19053,Decatur,IA,16
19055,Delaware,IA,16
19057,Des Moines,IA,16
19059,Dickinson,IA,16
19061,Dubuque,IA,16
19063,Emmet,IA,16
19065,Fayette,IA,16
19067,Floyd,IA,16
19069,Franklin,IA,16
19071,Fremont,IA,16
19073,Greene,IA,16
19075,Grundy,IA,16
19077,Guthrie,IA,16
19079,Hamilton,IA,16
19081,Hancock,IA,16
19083,Hardin,IA,16
19085,Harrison,IA,16
19087,Henry,IA,16
19089,Howard,IA,16
19091,Humboldt,IA,16
19093,Ida,IA,16
19095,Iowa,IA,16
19097,Jackson,IA,16
19099,Jasper,IA,16
19101,Jefferson,IA,16
19103,Johnson,IA,16
19105,Jones,IA,16
19107,Keokuk,IA,16
19109,Kossuth,IA,16
19111,Lee,IA,16
19113,Linn,IA,16
19115,Louisa,IA,16
19117,Lucas,IA,16
19119,Lyon,IA,16
19121,Madison,IA,16
19123,Mahaska,IA,16
19125,Marion,IA,16
19127,Marshall,IA,16
19129,Mills,IA,16
19131,Mitchell,IA,16
19133,Monona,IA,16
19135,Monroe,IA,16
19137,Montgomery,IA,16
19139,Muscatine,IA,16
19141,O Brien,IA,16
19143,Osceola,IA,16
19145,Page,IA,16
19147,Palo Alto,IA,16
19149,Plymouth,IA,16
19151,Pocahontas,IA,16
19153,Polk,IA,16
19155,Pottawattamie,IA,16
19157,Poweshiek,IA,16
19159,Ringgold,IA,16
19161,Sac,IA,16
19163,Scott,IA,16
19165,Shelby,IA,16
19167,Sioux,IA,16
19169,Story,IA,16
19171,Tama,IA,16
19173,Taylor,IA,16
19175,Union,IA,16
19177,Van Buren,IA,16
19179,Wapello,IA,16
19181,Warren,IA,16
19183,Washington,IA,16
19185,Wayne,IA,16
19187,Webster,IA,16
19189,Winnebago,IA,16
19191,Winneshiek,IA,16
19193,Woodbury,IA,16
19195,Worth,IA,16
19197,Wright,IA,16
20001,Allen,KS,17
20003,Anderson,KS,17
20005,Atchison,KS,17
20007,Barber,KS,17
20009,Barton,KS,17
20011,Bourbon,KS,17
20013,Brown,KS,17
20015,Butler,KS,17
20017,Chase,KS,17
20019,Chautauqua,KS,17
20021,Cherokee,KS,17
20023,Cheyenne,KS,17
20025,Clark,KS,17
20027,Clay,KS,17
20029,Cloud,KS,17
20031,Coffey,KS,17
20033,Comanche,KS,17
20035,Cowley,KS,17
20037,Crawford,KS,17
20039,Decatur,KS,17
20041,Dickinson,KS,17
20043,Doniphan,KS,17
20045,Douglas,KS,17
20047,Edwards,KS,17
20049,Elk,KS,17
20051,Ellis,KS,17
20053,Ellsworth,KS,17
20055,Finney,KS,17
20057,Ford,KS,17
20059,Franklin,KS,17
20061,Geary,KS,17
20063,Gove,KS,17
20065,Graham,KS,17
20067,Grant,KS,17
20069,Gray,KS,17
20071,Greeley,KS,17
20073,Greenwood,KS,17
20075,Hamilton,KS,17
20077,Harper,KS,17
20079,Harvey,KS,17
20081,Haskell,KS,17
20083,Hodgeman,KS,17
20085,Jackson,KS,17
20087,Jefferson,KS,17
20089,Jewell,KS,17
20091,Johnson,KS,17
20093,Kearny,KS,17
20095,Kingman,KS,17
20097,Kiowa,KS,17
20099,Labette,KS,17
20101,Lane,KS,17
20103,Leavenworth,KS,17
20105,Lincoln,KS,17
20107,Linn,KS,17
20109,Logan,KS,17
20111,Lyon,KS,17
20113,McPherson,KS,17
20115,Marion,KS,17
20117,Marshall,KS,17
20119,Meade,KS,17
20121,Miami,KS,17
20123,Mitchell,KS,17
20125,Montgomery,KS,17
20127,Morris,KS,17
20129,Morton,KS,17
20131,Nemaha,KS,17
20133,Neosho,KS,17
20135,Ness,KS,17
20137,Norton,KS,17
20139,Osage,KS,17
20141,Osborne,KS,17
20143,Ottawa,KS,17
20145,Pawnee,KS,17
20147,Phillips,KS,17
20149,Pottawatomie,KS,17
20151,Pratt,KS,17
20153,Rawlins,KS,17
20155,Reno,KS,17
20157,Republic,KS,17
20159,Rice,KS,17
20161,Riley,KS,17
20163,Rooks,KS,17
20165,Rush,KS,17
20167,Russell,KS,17
20169,Saline,KS,17
20171,Scott,KS,17
20173,Sedgwick,KS,17
20175,Seward,KS,17
20177,Shawnee,KS,17
20179,Sheridan,KS,17
20181,Sherman,KS,17
20183,Smith,KS,17
20185,Stafford,KS,17
20187,Stanton,KS,17
20189,Stevens,KS,17
20191,Sumner,KS,17
20193,Thomas,KS,17
20195,Trego,KS,17
20197,Wabaunsee,KS,17
20199,Wallace,KS,17
20201,Washington,KS,17
20203,Wichita,KS,17
20205,Wilson,KS,17
20207,Woodson,KS,17
20209,Wyandotte,KS,17
21001,Adair,KY,18
21003,Allen,KY,18
21005,Anderson,KY,18
21007,Ballard,KY,18
21009,Barren,KY,18
21011,Bath,KY,18
21013,Bell,KY,18
21015,Boone,KY,18
21017,Bourbon,KY,18
21019,Boyd,KY,18
21021,Boyle,KY,18
21023,Bracken,KY,18
21025,Breathitt,KY,18
21027,Breckinridge,KY,18
21029,Bullitt,KY,18
21031,Butler,KY,18
21033,Caldwell,KY,18
21035,Calloway,KY,18
21037,Campbell,KY,18
21039,Carlisle,KY,18
21041,Carroll,KY,18
21043,Carter,KY,18
21045,Casey,KY,18
21047,Christian,KY,18
21049,Clark,KY,18
21051,Clay,KY,18
21053,Clinton,KY,18
21055,Crittenden,KY,18
21057,Cumberland,KY,18
21059,Daviess,KY,18
21061,Edmonson,KY,18
21063,Elliott,KY,18
21065,Estill,KY,18
21067,Fayette,KY,18
21069,Fleming,KY,18
21071,Floyd,KY,18
21073,Franklin,KY,18
21075,Fulton,KY,18
21077,Gallatin,KY,18
21079,Garrard,KY,18
21081,Grant,KY,18
21083,Graves,KY,18
21085,Grayson,KY,18
21087,Green,KY,18
21089,Greenup,KY,18
21091,Hancock,KY,18
21093,Hardin,KY,18
21095,Harlan,KY,18
21097,Harrison,KY,18
21099,Hart,KY,18
21101,Henderson,KY,18
21103,Henry,KY,18
21105,Hickman,KY,18
21107,Hopkins,KY,18
21109,Jackson,KY,18
21111,Jefferson,KY,18
21113,Jessamine,KY,18
21115,Johnson,KY,18
21117,Kenton,KY,18
21119,Knott,KY,18
21121,Knox,KY,18
21123,Larue,KY,18
21125,Laurel,KY,18
21127,Lawrence,KY,18
21129,Lee,KY,18
21131,Leslie,KY,18
21133,Letcher,KY,18
21135,Lewis,KY,18
21137,Lincoln,KY,18
21139,Livingston,KY,18
21141,Logan,KY,18
21143,Lyon,KY,18
21145,McCracken,KY,18
21147,McCreary,KY,18
21149,McLean,KY,18
21151,Madison,KY,18
21153,Magoffin,KY,18
21155,Marion,KY,18
21157,Marshall,KY,18
21159,Martin,KY,18
21161,Mason,KY,18
21163,Meade,KY,18
21165,Menifee,KY,18
21167,Mercer,KY,18
21169,Metcalfe,KY,18
21171,Monroe,KY,18
21173,Montgomery,KY,18
21175,Morgan,KY,18
21177,Muhlenberg,KY,18
21179,Nelson,KY,18
21181,Nicholas,KY,18
21183,Ohio,KY,18
21185,Oldham,KY,18
21187,Owen,KY,18
21189,Owsley,KY,18
21191,Pendleton,KY,18
21193,Perry,KY,18
21195,Pike,KY,18
21197,Powell,KY,18
21199,Pulaski,KY,18
21201,Robertson,KY,18
21203,Rockcastle,KY,18
21205,Rowan,KY,18
21207,Russell,KY,18
21209,Scott,KY,18
21211,Shelby,KY,18
21213,Simpson,KY,18
21215,Spencer,KY,18
21217,Taylor,KY,18
21219,Todd,KY,18
21221,Trigg,KY,18
21223,Trimble,KY,18
21225,Union,KY,18
21227,Warren,KY,18
21229,Washington,KY,18
21231,Wayne,KY,18
21233,Webster,KY,18
21235,Whitley,KY,18
21237,Wolfe,KY,18
21239,Woodford,KY,18
22001,Acadia,LA,19
22003,Allen,LA,19
22005,Ascension,LA,19
22007,Assumption,LA,19
22009,Avoyelles,LA,19
22011,Beauregard,LA,19
22013,Bienville,LA,19
22015,Bossier,LA,19
22017,Caddo,LA,19
22019,Calcasieu,LA,19
22021,Caldwell,LA,19
22023,Cameron,LA,19
22025,Catahoula,LA,19
22027,Claiborne,LA,19
22029,Concordia,LA,19
22031,De Soto,LA,19
22033,East Baton Rouge,LA,19
22035,East Carroll,LA,19
22037,East Feliciana,LA,19
22039,Evangeline,LA,19
22041,Franklin,LA,19
22043,Grant,LA,19
22045,Iberia,LA,19
22047,Iberville,LA,19
22049,Jackson,LA,19
22051,Jefferson,LA,19
22053,Jefferson Davis,LA,19
22055,Lafayette,LA,19
22057,Lafourche,LA,19
22059,La Salle,LA,19
22061,Lincoln,LA,19
22063,Livingston,LA,19
22065,Madison,LA,19
22067,Morehouse,LA,19
22069,Natchitoches,LA,19
22071,Orleans,LA,19
22073,Ouachita,LA,19
22075,Plaquemines,LA,19
22077,Pointe Coupee,LA,19
22079,Rapides,LA,19
22081,Red River,LA,19
22083,Richland,LA,19
22085,Sabine,LA,19
22087,St Bernard,LA,19
22089,St Charles,LA,19
22091,St Helena,LA,19
22093,St James,LA,19
22095,St John the Baptist,LA,19
22097,St Landry,LA,19
22099,St Martin,LA,19
22101,St Mary,LA,19
22103,St Tammany,LA,19
22105,Tangipahoa,LA,19
22107,Tensas,LA,19
22109,Terrebonne,LA,19
22111,Union,LA,19
22113,Vermilion,LA,19
22115,Vernon,LA,19
22117,Washington,LA,19
22119,Webster,LA,19
22121,West Baton Rouge,LA,19
22123,West Carroll,LA,19
22125,West Feliciana,LA,19
22127,Winn,LA,19
23001,Androscoggin,ME,20
23003,Aroostook,ME,20
23005,Cumberland,ME,20
23007,Franklin,ME,20
23009,Hancock,ME,20
23011,Kennebec,ME,20
23013,Knox,ME,20
23015,Lincoln,ME,20
23017,Oxford,ME,20
23019,Penobscot,ME,20
23021,Piscataquis,ME,20
23023,Sagadahoc,ME,20
23025,Somerset,ME,20
23027,Waldo,ME,20
23029,Washington,ME,20
23031,York,ME,20
24001,Allegany,MD,21
24003,Anne Arundel,MD,21
24005,Baltimore,MD,21
24009,Calvert,MD,21
24011,Caroline,MD,21
24013,Carroll,MD,21
24015,Cecil,MD,21
24017,Charles,MD,21
24019,Dorchester,MD,21
24021,Frederick,MD,21
24023,Garrett,MD,21
24025,Harford,MD,21
24027,Howard,MD,21
24029,Kent,MD,21
24031,Montgomery,MD,21
24033,Prince Georges,MD,21
24035,Queen Annes,MD,21
24037,St Marys,MD,21
24039,Somerset,MD,21
24041,Talbot,MD,21
24043,Washington,MD,21
24045,Wicomico,MD,21
24047,Worcester,MD,21
24510,Baltimore City,MD,21
25001,Barnstable,MA,22
25003,Berkshire,MA,22
25005,Bristol,MA,22
25007,Dukes,MA,22
25009,Essex,MA,22
25011,Franklin,MA,22
25013,Hampden,MA,22
25015,Hampshire,MA,22
25017,Middlesex,MA,22
25019,Nantucket,MA,22
25021,Norfolk,MA,22
25023,Plymouth,MA,22
25025,Suffolk,MA,22
25027,Worcester,MA,22
26001,Alcona,MI,23
26003,Alger,MI,23
26005,Allegan,MI,23
26007,Alpena,MI,23
26009,Antrim,MI,23
26011,Arenac,MI,23
26013,Baraga,MI,23
26015,Barry,MI,23
26017,Bay,MI,23
26019,Benzie,MI,23
26021,Berrien,MI,23
26023,Branch,MI,23
26025,Calhoun,MI,23
26027,Cass,MI,23
26029,Charlevoix,MI,23
26031,Cheboygan,MI,23
26033,Chippewa,MI,23
26035,Clare,MI,23
26037,Clinton,MI,23
26039,Crawford,MI,23
26041,Delta,MI,23
26043,Dickinson,MI,23
26045,Eaton,MI,23
26047,Emmet,MI,23
26049,Genesee,MI,23
26051,Gladwin,MI,23
26053,Gogebic,MI,23
26055,Grand Traverse,MI,23
26057,Gratiot,MI,23
26059,Hillsdale,MI,23
26061,Houghton,MI,23
26063,Huron,MI,23
26065,Ingham,MI,23
26067,Ionia,MI,23
26069,Iosco,MI,23
26071,Iron,MI,23
26073,Isabella,MI,23
26075,Jackson,MI,23
26077,Kalamazoo,MI,23
26079,Kalkaska,MI,23
26081,Kent,MI,23
26083,Keweenaw,MI,23
26085,Lake,MI,23
26087,Lapeer,MI,23
26089,Leelanau,MI,23
26091,Lenawee,MI,23
26093,Livingston,MI,23
26095,Luce,MI,23
26097,Mackinac,MI,23
26099,Macomb,MI,23
26101,Manistee,MI,23
26103,Marquette,MI,23
26105,Mason,MI,23
26107,Mecosta,MI,23
26109,Menominee,MI,23
26111,Midland,MI,23
26113,Missaukee,MI,23
26115,Monroe,MI,23
26117,Montcalm,MI,23
26119,Montmorency,MI,23
26121,Muskegon,MI,23
26123,Newaygo,MI,23
26125,Oakland,MI,23
26127,Oceana,MI,23
26129,Ogemaw,MI,23
26131,Ontonagon,MI,23
26133,Osceola,MI,23
26135,Oscoda,MI,23
26137,Otsego,MI,23
26139,Ottawa,MI,23
26141,Presque Isle,MI,23
26143,Roscommon,MI,23
26145,Saginaw,MI,23
26147,St Clair,MI,23
26149,St Joseph,MI,23
26151,Sanilac,MI,23
26153,Schoolcraft,MI,23
26155,Shiawassee,MI,23
26157,Tuscola,MI,23
26159,Van Buren,MI,23
26161,Washtenaw,MI,23
26163,Wayne,MI,23
26165,Wexford,MI,23
27001,Aitkin,MN,24
27003,Anoka,MN,24
27005,Becker,MN,24
27007,Beltrami,MN,24
27009,Benton,MN,24
27011,Big Stone,MN,24
27013,Blue Earth,MN,24
27015,Brown,MN,24
27017,Carlton,MN,24
27019,Carver,MN,24
27021,Cass,MN,24
27023,Chippewa,MN,24
27025,Chisago,MN,24
27027,Clay,MN,24
27029,Clearwater,MN,24
27031,Cook,MN,24
27033,Cottonwood,MN,24
27035,Crow Wing,MN,24
27037,Dakota,MN,24
27039,Dodge,MN,24
27041,Douglas,MN,24
27043,Faribault,MN,24
27045,Fillmore,MN,24
27047,Freeborn,MN,24
27049,Goodhue,MN,24
27051,Grant,MN,24
27053,Hennepin,MN,24
27055,Houston,MN,24
27057,Hubbard,MN,24
27059,Isanti,MN,24
27061,Itasca,MN,24
27063,Jackson,MN,24
27065,Kanabec,MN,24
27067,Kandiyohi,MN,24
27069,Kittson,MN,24
27071,Koochiching,MN,24
27073,Lac qui Parle,MN,24
27075,Lake,MN,24
27077,Lake of the Woods,MN,24
27079,Le Sueur,MN,24
27081,Lincoln,MN,24
27083,Lyon,MN,24
27085,McLeod,MN,24
27087,Mahnomen,MN,24
27089,Marshall,MN,24
27091,Martin,MN,24
27093,Meeker,MN,24
27095,Mille Lacs,MN,24
27097,Morrison,MN,24
27099,Mower,MN,24
27101,Murray,MN,24
27103,Nicollet,MN,24
27105,Nobles,MN,24
27107,Norman,MN,24
27109,Olmsted,MN,24
27111,Otter Tail,MN,24
27113,Pennington,MN,24
27115,Pine,MN,24
27117,Pipestone,MN,24
27119,Polk,MN,24
27121,Pope,MN,24
27123,Ramsey,MN,24
27125,Red Lake,MN,24
27127,Redwood,MN,24
27129,Renville,MN,24
27131,Rice,MN,24
27133,Rock,MN,24
27135,Roseau,MN,24
27137,St Louis,MN,24
27139,Scott,MN,24
27141,Sherburne,MN,24
27143,Sibley,MN,24
27145,Stearns,MN,24
27147,Steele,MN,24
27149,Stevens,MN,24
27151,Swift,MN,24
27153,Todd,MN,24
27155,Traverse,MN,24
27157,Wabasha,MN,24
27159,Wadena,MN,24
27161,Waseca,MN,24
27163,Washington,MN,24
27165,Watonwan,MN,24
27167,Wilkin,MN,24
27169,Winona,MN,24
27171,Wright,MN,24
27173,Yellow Medicine,MN,24
28001,Adams,MS,25
28003,Alcorn,MS,25
28005,Amite,MS,25
28007,Attala,MS,25
28009,Benton,MS,25
28011,Bolivar,MS,25
28013,Calhoun,MS,25
28015,Carroll,MS,25
28017,Chickasaw,MS,25
28019,Choctaw,MS,25
28021,Claiborne,MS,25
28023,Clarke,MS,25
28025,Clay,MS,25
28027,Coahoma,MS,25
28029,Copiah,MS,25
28031,Covington,MS,25
28033,De Soto,MS,25
28035,Forrest,MS,25
28037,Franklin,MS,25
28039,George,MS,25
28041,Greene,MS,25
28043,Grenada,MS,25
28045,Hancock,MS,25
28047,Harrison,MS,25
28049,Hinds,MS,25
28051,Holmes,MS,25
28053,Humphreys,MS,25
28055,Issaquena,MS,25
28057,Itawamba,MS,25
28059,Jackson,MS,25
28061,Jasper,MS,25
28063,Jefferson,MS,25
28065,Jefferson Davis,MS,25
28067,Jones,MS,25
28069,Kemper,MS,25
28071,Lafayette,MS,25
28073,Lamar,MS,25
28075,Lauderdale,MS,25
28077,Lawrence,MS,25
28079,Leake,MS,25
28081,Lee,MS,25
28083,Leflore,MS,25
28085,Lincoln,MS,25
28087,Lowndes,MS,25
28089,Madison,MS,25
28091,Marion,MS,25
28093,Marshall,MS,25
28095,Monroe,MS,25
28097,Montgomery,MS,25
28099,Neshoba,MS,25
28101,Newton,MS,25
28103,Noxubee,MS,25
28105,Oktibbeha,MS,25
28107,Panola,MS,25
28109,Pearl River,MS,25
28111,Perry,MS,25
28113,Pike,MS,25
28115,Pontotoc,MS,25
28117,Prentiss,MS,25
28119,Quitman,MS,25
28121,Rankin,MS,25
28123,Scott,MS,25
28125,Sharkey,MS,25
28127,Simpson,MS,25
28129,Smith,MS,25
28131,Stone,MS,25
28133,Sunflower,MS,25
28135,Tallahatchie,MS,25
28137,Tate,MS,25
28139,Tippah,MS,25
28141,Tishomingo,MS,25
28143,Tunica,MS,25
28145,Union,MS,25
28147,Walthall,MS,25
28149,Warren,MS,25
28151,Washington,MS,25
28153,Wayne,MS,25
28155,Webster,MS,25
28157,Wilkinson,MS,25
28159,Winston,MS,25
28161,Yalobusha,MS,25
28163,Yazoo,MS,25
29001,Adair,MO,26
29003,Andrew,MO,26
29005,Atchison,MO,26
29007,Audrain,MO,26
29009,Barry,MO,26
29011,Barton,MO,26
29013,Bates,MO,26
29015,Benton,MO,26
29017,Bollinger,MO,26
29019,Boone,MO,26
29021,Buchanan,MO,26
29023,Butler,MO,26
29025,Caldwell,MO,26
29027,Callaway,MO,26
29029,Camden,MO,26
29031,Cape Girardeau,MO,26
29033,Carroll,MO,26
29035,Carter,MO,26
29037,Cass,MO,26
29039,Cedar,MO,26
29041,Chariton,MO,26
29043,Christian,MO,26
29045,Clark,MO,26
29047,Clay,MO,26
29049,Clinton,MO,26
29051,Cole,MO,26
29053,Cooper,MO,26
29055,Crawford,MO,26
29057,Dade,MO,26
29059,Dallas,MO,26
29061,Daviess,MO,26
29063,De Kalb,MO,26
29065,Dent,MO,26
29067,Douglas,MO,26
29069,Dunklin,MO,26
29071,Franklin,MO,26
29073,Gasconade,MO,26
29075,Gentry,MO,26
29077,Greene,MO,26
29079,Grundy,MO,26
29081,Harrison,MO,26
29083,Henry,MO,26
29085,Hickory,MO,26
29087,Holt,MO,26
29089,Howard,MO,26
29091,Howell,MO,26
29093,Iron,MO,26
29095,Jackson,MO,26
29097,Jasper,MO,26
29099,Jefferson,MO,26
29101,Johnson,MO,26
29103,Knox,MO,26
29105,Laclede,MO,26
29107,Lafayette,MO,26
29109,Lawrence,MO,26
29111,Lewis,MO,26
29113,Lincoln,MO,26
29115,Linn,MO,26
29117,Livingston,MO,26
29119,McDonald,MO,26
29121,Macon,MO,26
29123,Madison,MO,26
29125,Maries,MO,26
29127,Marion,MO,26
29129,Mercer,MO,26
29131,Miller,MO,26
29133,Mississippi,MO,26
29135,Moniteau,MO,26
29137,Monroe,MO,26
29139,Montgomery,MO,26
29141,Morgan,MO,26
29143,New Madrid,MO,26
29145,Newton,MO,26
29147,Nodaway,MO,26
29149,Oregon,MO,26
29151,Osage,MO,26
29153,Ozark,MO,26
29155,Pemiscot,MO,26
29157,Perry,MO,26
29159,Pettis,MO,26
29161,Phelps,MO,26
29163,Pike,MO,26
29165,Platte,MO,26
29167,Polk,MO,26
29169,Pulaski,MO,26
29171,Putnam,MO,26
29173,Ralls,MO,26
29175,Randolph,MO,26
29177,Ray,MO,26
29179,Reynolds,MO,26
29181,Ripley,MO,26
29183,St Charles,MO,26
29185,St Clair,MO,26
29186,Ste. Genevieve,MO,26
29187,St Francois,MO,26
29189,St Louis,MO,26
29195,Saline,MO,26
29197,Schuyler,MO,26
29199,Scotland,MO,26
29201,Scott,MO,26
29203,Shannon,MO,26
29205,Shelby,MO,26
29207,Stoddard,MO,26
29209,Stone,MO,26
29211,Sullivan,MO,26
29213,Taney,MO,26
29215,Texas,MO,26
29217,Vernon,MO,26
29219,Warren,MO,26
29221,Washington,MO,26
29223,Wayne,MO,26
29225,Webster,MO,26
29227,Worth,MO,26
29229,Wright,MO,26
29510,St Louis City,MO,26
30001,Beaverhead,MT,27
30003,Big Horn,MT,27
30005,Blaine,MT,27
30007,Broadwater,MT,27
30009,Carbon,MT,27
30011,Carter,MT,27
30013,Cascade,MT,27
30015,Chouteau,MT,27
30017,Custer,MT,27
30019,Daniels,MT,27
30021,Dawson,MT,27
30023,Deer Lodge,MT,27
30025,Fallon,MT,27
30027,Fergus,MT,27
30029,Flathead,MT,27
30031,Gallatin,MT,27
30033,Garfield,MT,27
30035,Glacier,MT,27
30037,Golden Valley,MT,27
30039,Granite,MT,27
30041,Hill,MT,27
30043,Jefferson,MT,27
30045,Judith Basin,MT,27
30047,Lake,MT,27
30049,Lewis and Clark,MT,27
30051,Liberty,MT,27
30053,Lincoln,MT,27
30055,McCone,MT,27
30057,Madison,MT,27
30059,Meagher,MT,27
30061,Mineral,MT,27
30063,Missoula,MT,27
30065,Musselshell,MT,27
30067,Park,MT,27
30069,Petroleum,MT,27
30071,Phillips,MT,27
30073,Pondera,MT,27
30075,Powder River,MT,27
30077,Powell,MT,27
30079,Prairie,MT,27
30081,Ravalli,MT,27
30083,Richland,MT,27
30085,Roosevelt,MT,27
30087,Rosebud,MT,27
30089,Sanders,MT,27
30091,Sheridan,MT,27
30093,Silver Bow,MT,27
30095,Stillwater,MT,27
30097,Sweet Grass,MT,27
30099,Teton,MT,27
30101,Toole,MT,27
30103,Treasure,MT,27
30105,Valley,MT,27
30107,Wheatland,MT,27
30109,Wibaux,MT,27
30111,Yellowstone,MT,27
30113,Yellowstone Nat Park,MT,27
31001,Adams,NE,28
31003,Antelope,NE,28
31005,Arthur,NE,28
31007,Banner,NE,28
31009,Blaine,NE,28
31011,Boone,NE,28
31013,Box Butte,NE,28
31015,Boyd,NE,28
31017,Brown,NE,28
31019,Buffalo,NE,28
31021,Burt,NE,28
31023,Butler,NE,28
31025,Cass,NE,28
31027,Cedar,NE,28
31029,Chase,NE,28
31031,Cherry,NE,28
31033,Cheyenne,NE,28
31035,Clay,NE,28
31037,Colfax,NE,28
31039,Cuming,NE,28
31041,Custer,NE,28
31043,Dakota,NE,28
31045,Dawes,NE,28
31047,Dawson,NE,28
31049,Deuel,NE,28
31051,Dixon,NE,28
31053,Dodge,NE,28
31055,Douglas,NE,28
31057,Dundy,NE,28
31059,Fillmore,NE,28
31061,Franklin,NE,28
31063,Frontier,NE,28
31065,Furnas,NE,28
31067,Gage,NE,28
31069,Garden,NE,28
31071,Garfield,NE,28
31073,Gosper,NE,28
31075,Grant,NE,28
31077,Greeley,NE,28
31079,Hall,NE,28
31081,Hamilton,NE,28
31083,Harlan,NE,28
31085,Hayes,NE,28
31087,Hitchcock,NE,28
31089,Holt,NE,28
31091,Hooker,NE,28
31093,Howard,NE,28
31095,Jefferson,NE,28
31097,Johnson,NE,28
31099,Kearney,NE,28
31101,Keith,NE,28
31103,Keya Paha,NE,28
31105,Kimball,NE,28
31107,Knox,NE,28
31109,Lancaster,NE,28
31111,Lincoln,NE,28
31113,Logan,NE,28
31115,Loup,NE,28
31117,McPherson,NE,28
31119,Madison,NE,28
31121,Merrick,NE,28
31123,Morrill,NE,28
31125,Nance,NE,28
31127,Nemaha,NE,28
31129,Nuckolls,NE,28
31131,Otoe,NE,28
31133,Pawnee,NE,28
31135,Perkins,NE,28
31137,Phelps,NE,28
31139,Pierce,NE,28
31141,Platte,NE,28
31143,Polk,NE,28
31145,Red Willow,NE,28
31147,Richardson,NE,28
31149,Rock,NE,28
31151,Saline,NE,28
31153,Sarpy,NE,28
31155,Saunders,NE,28
31157,Scotts Bluff,NE,28
31159,Seward,NE,28
31161,Sheridan,NE,28
31163,Sherman,NE,28
31165,Sioux,NE,28
31167,Stanton,NE,28
31169,Thayer,NE,28
31171,Thomas,NE,28
31173,Thurston,NE,28
31175,Valley,NE,28
31177,Washington,NE,28
31179,Wayne,NE,28
31181,Webster,NE,28
31183,Wheeler,NE,28
31185,York,NE,28
32001,Churchill,NV,29
32003,Clark,NV,29
32005,Douglas,NV,29
32007,Elko,NV,29
32009,Esmeralda,NV,29
32011,Eureka,NV,29
32013,Humboldt,NV,29
32015,Lander,NV,29
32017,Lincoln,NV,29
32019,Lyon,NV,29
32021,Mineral,NV,29
32023,Nye,NV,29
32027,Pershing,NV,29
32029,Storey,NV,29
32031,Washoe,NV,29
32033,White Pine,NV,29
32510,Carson City,NV,29
33001,Belknap,NH,30
33003,Carroll,NH,30
33005,Cheshire,NH,30
33007,Coos,NH,30
33009,Grafton,NH,30
33011,Hillsborough,NH,30
33013,Merrimack,NH,30
33015,Rockingham,NH,30
33017,Strafford,NH,30
33019,Sullivan,NH,30
34001,Atlantic,NJ,31
34003,Bergen,NJ,31
34005,Burlington,NJ,31
34007,Camden,NJ,31
34009,Cape May,NJ,31
34011,Cumberland,NJ,31
34013,Essex,NJ,31
34015,Gloucester,NJ,31
34017,Hudson,NJ,31
34019,Hunterdon,NJ,31
34021,Mercer,NJ,31
34023,Middlesex,NJ,31
34025,Monmouth,NJ,31
34027,Morris,NJ,31
34029,Ocean,NJ,31
34031,Passaic,NJ,31
34033,Salem,NJ,31
34035,Somerset,NJ,31
34037,Sussex,NJ,31
34039,Union,NJ,31
34041,Warren,NJ,31
35001,Bernalillo,NM,32
35003,Catron,NM,32
35005,Chaves,NM,32
35006,Cibola,NM,32
35007,Colfax,NM,32
35009,Curry,NM,32
35011,De Baca,NM,32
35013,Dona Ana,NM,32
35015,Eddy,NM,32
35017,Grant,NM,32
35019,Guadalupe,NM,32
35021,Harding,NM,32
35023,Hidalgo,NM,32
35025,Lea,NM,32
35027,Lincoln,NM,32
35028,Los Alamos,NM,32
35029,Luna,NM,32
35031,McKinley,NM,32
35033,Mora,NM,32
35035,Otero,NM,32
35037,Quay,NM,32
35039,Rio Arriba,NM,32
35041,Roosevelt,NM,32
35043,Sandoval,NM,32
35045,San Juan,NM,32
35047,San Miguel,NM,32
35049,Santa Fe,NM,32
35051,Sierra,NM,32
35053,Socorro,NM,32
35055,Taos,NM,32
35057,Torrance,NM,32
35059,Union,NM,32
35061,Valencia,NM,32
36001,Albany,NY,33
36003,Allegany,NY,33
36005,Bronx,NY,33
36007,Broome,NY,33
36009,Cattaraugus,NY,33
36011,Cayuga,NY,33
36013,Chautauqua,NY,33
36015,Chemung,NY,33
36017,Chenango,NY,33
36019,Clinton,NY,33
36021,Columbia,NY,33
36023,Cortland,NY,33
36025,Delaware,NY,33
36027,Dutchess,NY,33
36029,Erie,NY,33
36031,Essex,NY,33
36033,Franklin,NY,33
36035,Fulton,NY,33
36037,Genesee,NY,33
36039,Greene,NY,33
36041,Hamilton,NY,33
36043,Herkimer,NY,33
36045,Jefferson,NY,33
36047,Kings,NY,33
36049,Lewis,NY,33
36051,Livingston,NY,33
36053,Madison,NY,33
36055,Monroe,NY,33
36057,Montgomery,NY,33
36059,Nassau,NY,33
36061,New York,NY,33
36063,Niagara,NY,33
36065,Oneida,NY,33
36067,Onondaga,NY,33
36069,Ontario,NY,33
36071,Orange,NY,33
36073,Orleans,NY,33
36075,Oswego,NY,33
36077,Otsego,NY,33
36079,Putnam,NY,33
36081,Queens,NY,33
36083,Rensselaer,NY,33
36085,Richmond,NY,33
36087,Rockland,NY,33
36089,St Lawrence,NY,33
36091,Saratoga,NY,33
36093,Schenectady,NY,33
36095,Schoharie,NY,33
36097,Schuyler,NY,33
36099,Seneca,NY,33
36101,Steuben,NY,33
36103,Suffolk,NY,33
36105,Sullivan,NY,33
36107,Tioga,NY,33
36109,Tompkins,NY,33
36111,Ulster,NY,33
36113,Warren,NY,33
36115,Washington,NY,33
36117,Wayne,NY,33
36119,Westchester,NY,33
36121,Wyoming,NY,33
36123,Yates,NY,33
37001,Alamance,NC,34
37003,Alexander,NC,34
37005,Alleghany,NC,34
37007,Anson,NC,34
37009,Ashe,NC,34
37011,Avery,NC,34
37013,Beaufort,NC,34
37015,Bertie,NC,34
37017,Bladen,NC,34
37019,Brunswick,NC,34
37021,Buncombe,NC,34
37023,Burke,NC,34
37025,Cabarrus,NC,34
37027,Caldwell,NC,34
37029,Camden,NC,34
37031,Carteret,NC,34
37033,Caswell,NC,34
37035,Catawba,NC,34
37037,Chatham,NC,34
37039,Cherokee,NC,34
37041,Chowan,NC,34
37043,Clay,NC,34
37045,Cleveland,NC,34
37047,Columbus,NC,34
37049,Craven,NC,34
37051,Cumberland,NC,34
37053,Currituck,NC,34
37055,Dare,NC,34
37057,Davidson,NC,34
37059,Davie,NC,34
37061,Duplin,NC,34
37063,Durham,NC,34
37065,Edgecombe,NC,34
37067,Forsyth,NC,34
37069,Franklin,NC,34
37071,Gaston,NC,34
37073,Gates,NC,34
37075,Graham,NC,34
37077,Granville,NC,34
37079,Greene,NC,34
37081,Guilford,NC,34
37083,Halifax,NC,34
37085,Harnett,NC,34
37087,Haywood,NC,34
37089,Henderson,NC,34
37091,Hertford,NC,34
37093,Hoke,NC,34
37095,Hyde,NC,34
37097,Iredell,NC,34
37099,Jackson,NC,34
37101,Johnston,NC,34
37103,Jones,NC,34
37105,Lee,NC,34
37107,Lenoir,NC,34
37109,Lincoln,NC,34
37111,McDowell,NC,34
37113,Macon,NC,34
37115,Madison,NC,34
37117,Martin,NC,34
37119,Mecklenburg,NC,34
37121,Mitchell,NC,34
37123,Montgomery,NC,34
37125,Moore,NC,34
37127,Nash,NC,34
37129,New Hanover,NC,34
37131,Northampton,NC,34
37133,Onslow,NC,34
37135,Orange,NC,34
37137,Pamlico,NC,34
37139,Pasquotank,NC,34
37141,Pender,NC,34
37143,Perquimans,NC,34
37145,Person,NC,34
37147,Pitt,NC,34
37149,Polk,NC,34
37151,Randolph,NC,34
37153,Richmond,NC,34
37155,Robeson,NC,34
37157,Rockingham,NC,34
37159,Rowan,NC,34
37161,Rutherford,NC,34
37163,Sampson,NC,34
37165,Scotland,NC,34
37167,Stanly,NC,34
37169,Stokes,NC,34
37171,Surry,NC,34
37173,Swain,NC,34
37175,Transylvania,NC,34
37177,Tyrrell,NC,34
37179,Union,NC,34
37181,Vance,NC,34
37183,Wake,NC,34
37185,Warren,NC,34
37187,Washington,NC,34
37189,Watauga,NC,34
37191,Wayne,NC,34
37193,Wilkes,NC,34
37195,Wilson,NC,34
37197,Yadkin,NC,34
37199,Yancey,NC,34
38001,Adams,ND,35
38003,Barnes,ND,35
38005,Benson,ND,35
38007,Billings,ND,35
38009,Bottineau,ND,35
38011,Bowman,ND,35
38013,Burke,ND,35
38015,Burleigh,ND,35
38017,Cass,ND,35
38019,Cavalier,ND,35
38021,Dickey,ND,35
38023,Divide,ND,35
38025,Dunn,ND,35
38027,Eddy,ND,35
38029,Emmons,ND,35
38031,Foster,ND,35
38033,Golden Valley,ND,35
38035,Grand Forks,ND,35
38037,Grant,ND,35
38039,Griggs,ND,35
38041,Hettinger,ND,35
38043,Kidder,ND,35
38045,La Moure,ND,35
38047,Logan,ND,35
38049,McHenry,ND,35
38051,McIntosh,ND,35
38053,McKenzie,ND,35
38055,McLean,ND,35
38057,Mercer,ND,35
38059,Morton,ND,35
38061,Mountrail,ND,35
38063,Nelson,ND,35
38065,Oliver,ND,35
38067,Pembina,ND,35
38069,Pierce,ND,35
38071,Ramsey,ND,35
38073,Ransom,ND,35
38075,Renville,ND,35
38077,Richland,ND,35
38079,Rolette,ND,35
38081,Sargent,ND,35
38083,Sheridan,ND,35
38085,Sioux,ND,35
38087,Slope,ND,35
38089,Stark,ND,35
38091,Steele,ND,35
38093,Stutsman,ND,35
38095,Towner,ND,35
38097,Traill,ND,35
38099,Walsh,ND,35
38101,Ward,ND,35
38103,Wells,ND,35
38105,Williams,ND,35
39001,Adams,OH,36
39003,Allen,OH,36
39005,Ashland,OH,36
39007,Ashtabula,OH,36
39009,Athens,OH,36
39011,Auglaize,OH,36
39013,Belmont,OH,36
39015,Brown,OH,36
39017,Butler,OH,36
39019,Carroll,OH,36
39021,Champaign,OH,36
39023,Clark,OH,36
39025,Clermont,OH,36
39027,Clinton,OH,36
39029,Columbiana,OH,36
39031,Coshocton,OH,36
39033,Crawford,OH,36
39035,Cuyahoga,OH,36
39037,Darke,OH,36
39039,Defiance,OH,36
39041,Delaware,OH,36
39043,Erie,OH,36
39045,Fairfield,OH,36
39047,Fayette,OH,36
39049,Franklin,OH,36
39051,Fulton,OH,36
39053,Gallia,OH,36
39055,Geauga,OH,36
39057,Greene,OH,36
39059,Guernsey,OH,36
39061,Hamilton,OH,36
39063,Hancock,OH,36
39065,Hardin,OH,36
39067,Harrison,OH,36
39069,Henry,OH,36
39071,Highland,OH,36
39073,Hocking,OH,36
39075,Holmes,OH,36
39077,Huron,OH,36
39079,Jackson,OH,36
39081,Jefferson,OH,36
39083,Knox,OH,36
39085,Lake,OH,36
39087,Lawrence,OH,36
39089,Licking,OH,36
39091,Logan,OH,36
39093,Lorain,OH,36
39095,Lucas,OH,36
39097,Madison,OH,36
39099,Mahoning,OH,36
39101,Marion,OH,36
39103,Medina,OH,36
39105,Meigs,OH,36
39107,Mercer,OH,36
39109,Miami,OH,36
39111,Monroe,OH,36
39113,Montgomery,OH,36
39115,Morgan,OH,36
39117,Morrow,OH,36
39119,Muskingum,OH,36
39121,Noble,OH,36
39123,Ottawa,OH,36
39125,Paulding,OH,36
39127,Perry,OH,36
39129,Pickaway,OH,36
39131,Pike,OH,36
39133,Portage,OH,36
39135,Preble,OH,36
39137,Putnam,OH,36
39139,Richland,OH,36
39141,Ross,OH,36
39143,Sandusky,OH,36
39145,Scioto,OH,36
39147,Seneca,OH,36
39149,Shelby,OH,36
39151,Stark,OH,36
39153,Summit,OH,36
39155,Trumbull,OH,36
39157,Tuscarawas,OH,36
39159,Union,OH,36
39161,Van Wert,OH,36
39163,Vinton,OH,36
39165,Warren,OH,36
39167,Washington,OH,36
39169,Wayne,OH,36
39171,Williams,OH,36
39173,Wood,OH,36
39175,Wyandot,OH,36
40001,Adair,OK,37
40003,Alfalfa,OK,37
40005,Atoka,OK,37
40007,Beaver,OK,37
40009,Beckham,OK,37
40011,Blaine,OK,37
40013,Bryan,OK,37
40015,Caddo,OK,37
40017,Canadian,OK,37
40019,Carter,OK,37
40021,Cherokee,OK,37
40023,Choctaw,OK,37
40025,Cimarron,OK,37
40027,Cleveland,OK,37
40029,Coal,OK,37
40031,Comanche,OK,37
40033,Cotton,OK,37
40035,Craig,OK,37
40037,Creek,OK,37
40039,Custer,OK,37
40041,Delaware,OK,37
40043,Dewey,OK,37
40045,Ellis,OK,37
40047,Garfield,OK,37
40049,Garvin,OK,37
40051,Grady,OK,37
40053,Grant,OK,37
40055,Greer,OK,37
40057,Harmon,OK,37
40059,Harper,OK,37
40061,Haskell,OK,37
40063,Hughes,OK,37
40065,Jackson,OK,37
40067,Jefferson,OK,37
40069,Johnston,OK,37
40071,Kay,OK,37
40073,Kingfisher,OK,37
40075,Kiowa,OK,37
40077,Latimer,OK,37
40079,Le Flore,OK,37
40081,Lincoln,OK,37
40083,Logan,OK,37
40085,Love,OK,37
40087,McClain,OK,37
40089,McCurtain,OK,37
40091,McIntosh,OK,37
40093,Major,OK,37
40095,Marshall,OK,37
40097,Mayes,OK,37
40099,Murray,OK,37
40101,Muskogee,OK,37
40103,Noble,OK,37
40105,Nowata,OK,37
40107,Okfuskee,OK,37
40109,Oklahoma,OK,37
40111,Okmulgee,OK,37
40113,Osage,OK,37
40115,Ottawa,OK,37
40117,Pawnee,OK,37
40119,Payne,OK,37
40121,Pittsburg,OK,37
40123,Pontotoc,OK,37
40125,Pottawatomie,OK,37
40127,Pushmataha,OK,37
40129,Roger Mills,OK,37
40131,Rogers,OK,37
40133,Seminole,OK,37
40135,Sequoyah,OK,37
40137,Stephens,OK,37
40139,Texas,OK,37
40141,Tillman,OK,37
40143,Tulsa,OK,37
40145,Wagoner,OK,37
40147,Washington,OK,37
40149,Washita,OK,37
40151,Woods,OK,37
40153,Woodward,OK,37
41001,Baker,OR,38
41003,Benton,OR,38
41005,Clackamas,OR,38
41007,Clatsop,OR,38
41009,Columbia,OR,38
41011,Coos,OR,38
41013,Crook,OR,38
41015,Curry,OR,38
41017,Deschutes,OR,38
41019,Douglas,OR,38
41021,Gilliam,OR,38
41023,Grant,OR,38
41025,Harney,OR,38
41027,Hood River,OR,38
41029,Jackson,OR,38
41031,Jefferson,OR,38
41033,Josephine,OR,38
41035,Klamath,OR,38
41037,Lake,OR,38
41039,Lane,OR,38
41041,Lincoln,OR,38
41043,Linn,OR,38
41045,Malheur,OR,38
41047,Marion,OR,38
41049,Morrow,OR,38
41051,Multnomah,OR,38
41053,Polk,OR,38
41055,Sherman,OR,38
41057,Tillamook,OR,38
41059,Umatilla,OR,38
41061,Union,OR,38
41063,Wallowa,OR,38
41065,Wasco,OR,38
41067,Washington,OR,38
41069,Wheeler,OR,38
41071,Yamhill,OR,38
42001,Adams,PA,39
42003,Allegheny,PA,39
42005,Armstrong,PA,39
42007,Beaver,PA,39
42009,Bedford,PA,39
42011,Berks,PA,39
42013,Blair,PA,39
42015,Bradford,PA,39
42017,Bucks,PA,39
42019,Butler,PA,39
42021,Cambria,PA,39
42023,Cameron,PA,39
42025,Carbon,PA,39
42027,Centre,PA,39
42029,Chester,PA,39
42031,Clarion,PA,39
42033,Clearfield,PA,39
42035,Clinton,PA,39
42037,Columbia,PA,39
42039,Crawford,PA,39
42041,Cumberland,PA,39
42043,Dauphin,PA,39
42045,Delaware,PA,39
42047,Elk,PA,39
42049,Erie,PA,39
42051,Fayette,PA,39
42053,Forest,PA,39
42055,Franklin,PA,39
42057,Fulton,PA,39
42059,Greene,PA,39
42061,Huntingdon,PA,39
42063,Indiana,PA,39
42065,Jefferson,PA,39
42067,Juniata,PA,39
42069,Lackawanna,PA,39
42071,Lancaster,PA,39
42073,Lawrence,PA,39
42075,Lebanon,PA,39
42077,Lehigh,PA,39
42079,Luzerne,PA,39
42081,Lycoming,PA,39
42083,McKean,PA,39
42085,Mercer,PA,39
42087,Mifflin,PA,39
42089,Monroe,PA,39
42091,Montgomery,PA,39
42093,Montour,PA,39
42095,Northampton,PA,39
42097,Northumberland,PA,39
42099,Perry,PA,39
42101,Philadelphia,PA,39
42103,Pike,PA,39
42105,Potter,PA,39
42107,Schuylkill,PA,39
42109,Snyder,PA,39
42111,Somerset,PA,39
42113,Sullivan,PA,39
42115,Susquehanna,PA,39
42117,Tioga,PA,39
42119,Union,PA,39
42121,Venango,PA,39
42123,Warren,PA,39
42125,Washington,PA,39
42127,Wayne,PA,39
42129,Westmoreland,PA,39
42131,Wyoming,PA,39
42133,York,PA,39
44001,Bristol,RI,40
44003,Kent,RI,40
44005,Newport,RI,40
44007,Providence,RI,40
44009,Washington,RI,40
45001,Abbeville,SC,41
45003,Aiken,SC,41
45005,Allendale,SC,41
45007,Anderson,SC,41
45009,Bamberg,SC,41
45011,Barnwell,SC,41
45013,Beaufort,SC,41
45015,Berkeley,SC,41
45017,Calhoun,SC,41
45019,Charleston,SC,41
45021,Cherokee,SC,41
45023,Chester,SC,41
45025,Chesterfield,SC,41
45027,Clarendon,SC,41
45029,Colleton,SC,41
45031,Darlington,SC,41
45033,Dillon,SC,41
45035,Dorchester,SC,41
45037,Edgefield,SC,41
45039,Fairfield,SC,41
45041,Florence,SC,41
45043,Georgetown,SC,41
45045,Greenville,SC,41
45047,Greenwood,SC,41
45049,Hampton,SC,41
45051,Horry,SC,41
45053,Jasper,SC,41
45055,Kershaw,SC,41
45057,Lancaster,SC,41
45059,Laurens,SC,41
45061,Lee,SC,41
45063,Lexington,SC,41
45065,McCormick,SC,41
45067,Marion,SC,41
45069,Marlboro,SC,41
45071,Newberry,SC,41
45073,Oconee,SC,41
45075,Orangeburg,SC,41
45077,Pickens,SC,41
45079,Richland,SC,41
45081,Saluda,SC,41
45083,Spartanburg,SC,41
45085,Sumter,SC,41
45087,Union,SC,41
45089,Williamsburg,SC,41
45091,York,SC,41
46003,Aurora,SD,42
46005,Beadle,SD,42
46007,Bennett,SD,42
46009,Bon Homme,SD,42
46011,Brookings,SD,42
46013,Brown,SD,42
46015,Brule,SD,42
46017,Buffalo,SD,42
46019,Butte,SD,42
46021,Campbell,SD,42
46023,Charles Mix,SD,42
46025,Clark,SD,42
46027,Clay,SD,42
46029,Codington,SD,42
46031,Corson,SD,42
46033,Custer,SD,42
46035,Davison,SD,42
46037,Day,SD,42
46039,Deuel,SD,42
46041,Dewey,SD,42
46043,Douglas,SD,42
46045,Edmunds,SD,42
46047,Fall River,SD,42
46049,Faulk,SD,42
46051,Grant,SD,42
46053,Gregory,SD,42
46055,Haakon,SD,42
46057,Hamlin,SD,42
46059,Hand,SD,42
46061,Hanson,SD,42
46063,Harding,SD,42
46065,Hughes,SD,42
46067,Hutchinson,SD,42
46069,Hyde,SD,42
46071,Jackson,SD,42
46073,Jerauld,SD,42
46075,Jones,SD,42
46077,Kingsbury,SD,42
46079,Lake,SD,42
46081,Lawrence,SD,42
46083,Lincoln,SD,42
46085,Lyman,SD,42
46087,McCook,SD,42
46089,McPherson,SD,42
46091,Marshall,SD,42
46093,Meade,SD,42
46095,Mellette,SD,42
46097,Miner,SD,42
46099,Minnehaha,SD,42
46101,Moody,SD,42
46103,Pennington,SD,42
46105,Perkins,SD,42
46107,Potter,SD,42
46109,Roberts,SD,42
46111,Sanborn,SD,42
46113,Shannon,SD,42
46115,Spink,SD,42
46117,Stanley,SD,42
46119,Sully,SD,42
46121,Todd,SD,42
46123,Tripp,SD,42
46125,Turner,SD,42
46127,Union,SD,42
46129,Walworth,SD,42
46135,Yankton,SD,42
46137,Ziebach,SD,42
47001,Anderson,TN,43
47003,Bedford,TN,43
47005,Benton,TN,43
47007,Bledsoe,TN,43
47009,Blount,TN,43
47011,Bradley,TN,43
47013,Campbell,TN,43
47015,Cannon,TN,43
47017,Carroll,TN,43
47019,Carter,TN,43
47021,Cheatham,TN,43
47023,Chester,TN,43
47025,Claiborne,TN,43
47027,Clay,TN,43
47029,Cocke,TN,43
47031,Coffee,TN,43
47033,Crockett,TN,43
47035,Cumberland,TN,43
47037,Davidson,TN,43
47039,Decatur,TN,43
47041,De Kalb,TN,43
47043,Dickson,TN,43
47045,Dyer,TN,43
47047,Fayette,TN,43
47049,Fentress,TN,43
47051,Franklin,TN,43
47053,Gibson,TN,43
47055,Giles,TN,43
47057,Grainger,TN,43
47059,Greene,TN,43
47061,Grundy,TN,43
47063,Hamblen,TN,43
47065,Hamilton,TN,43
47067,Hancock,TN,43
47069,Hardeman,TN,43
47071,Hardin,TN,43
47073,Hawkins,TN,43
47075,Haywood,TN,43
47077,Henderson,TN,43
47079,Henry,TN,43
47081,Hickman,TN,43
47083,Houston,TN,43
47085,Humphreys,TN,43
47087,Jackson,TN,43
47089,Jefferson,TN,43
47091,Johnson,TN,43
47093,Knox,TN,43
47095,Lake,TN,43
47097,Lauderdale,TN,43
47099,Lawrence,TN,43
47101,Lewis,TN,43
47103,Lincoln,TN,43
47105,Loudon,TN,43
47107,McMinn,TN,43
47109,McNairy,TN,43
47111,Macon,TN,43
47113,Madison,TN,43
47115,Marion,TN,43
47117,Marshall,TN,43
47119,Maury,TN,43
47121,Meigs,TN,43
47123,Monroe,TN,43
47125,Montgomery,TN,43
47127,Moore,TN,43
47129,Morgan,TN,43
47131,Obion,TN,43
47133,Overton,TN,43
47135,Perry,TN,43
47137,Pickett,TN,43
47139,Polk,TN,43
47141,Putnam,TN,43
47143,Rhea,TN,43
47145,Roane,TN,43
47147,Robertson,TN,43
47149,Rutherford,TN,43
47151,Scott,TN,43
47153,Sequatchie,TN,43
47155,Sevier,TN,43
47157,Shelby,TN,43
47159,Smith,TN,43
47161,Stewart,TN,43
47163,Sullivan,TN,43
47165,Sumner,TN,43
47167,Tipton,TN,43
47169,Trousdale,TN,43
47171,Unicoi,TN,43
47173,Union,TN,43
47175,Van Buren,TN,43
47177,Warren,TN,43
47179,Washington,TN,43
47181,Wayne,TN,43
47183,Weakley,TN,43
47185,White,TN,43
47187,Williamson,TN,43
47189,Wilson,TN,43
48001,Anderson,TX,44
48003,Andrews,TX,44
48005,Angelina,TX,44
48007,Aransas,TX,44
48009,Archer,TX,44
48011,Armstrong,TX,44
48013,Atascosa,TX,44
48015,Austin,TX,44
48017,Bailey,TX,44
48019,Bandera,TX,44
48021,Bastrop,TX,44
48023,Baylor,TX,44
48025,Bee,TX,44
48027,Bell,TX,44
48029,Bexar,TX,44
48031,Blanco,TX,44
48033,Borden,TX,44
48035,Bosque,TX,44
48037,Bowie,TX,44
48039,Brazoria,TX,44
48041,Brazos,TX,44
48043,Brewster,TX,44
48045,Briscoe,TX,44
48047,Brooks,TX,44
48049,Brown,TX,44
48051,Burleson,TX,44
48053,Burnet,TX,44
48055,Caldwell,TX,44
48057,Calhoun,TX,44
48059,Callahan,TX,44
48061,Cameron,TX,44
48063,Camp,TX,44
48065,Carson,TX,44
48067,Cass,TX,44
48069,Castro,TX,44
48071,Chambers,TX,44
48073,Cherokee,TX,44
48075,Childress,TX,44
48077,Clay,TX,44
48079,Cochran,TX,44
48081,Coke,TX,44
48083,Coleman,TX,44
48085,Collin,TX,44
48087,Collingsworth,TX,44
48089,Colorado,TX,44
48091,Comal,TX,44
48093,Comanche,TX,44
48095,Concho,TX,44
48097,Cooke,TX,44
48099,Coryell,TX,44
48101,Cottle,TX,44
48103,Crane,TX,44
48105,Crockett,TX,44
48107,Crosby,TX,44
48109,Culberson,TX,44
48111,Dallam,TX,44
48113,Dallas,TX,44
48115,Dawson,TX,44
48117,Deaf Smith,TX,44
48119,Delta,TX,44
48121,Denton,TX,44
48123,De Witt,TX,44
48125,Dickens,TX,44
48127,Dimmit,TX,44
48129,Donley,TX,44
48131,Duval,TX,44
48133,Eastland,TX,44
48135,Ector,TX,44
48137,Edwards,TX,44
48139,Ellis,TX,44
48141,El Paso,TX,44
48143,Erath,TX,44
48145,Falls,TX,44
48147,Fannin,TX,44
48149,Fayette,TX,44
48151,Fisher,TX,44
48153,Floyd,TX,44
48155,Foard,TX,44
48157,Fort Bend,TX,44
48159,Franklin,TX,44
48161,Freestone,TX,44
48163,Frio,TX,44
48165,Gaines,TX,44
48167,Galveston,TX,44
48169,Garza,TX,44
48171,Gillespie,TX,44
48173,Glasscock,TX,44
48175,Goliad,TX,44
48177,Gonzales,TX,44
48179,Gray,TX,44
48181,Grayson,TX,44
48183,Gregg,TX,44
48185,Grimes,TX,44
48187,Guadalupe,TX,44
48189,Hale,TX,44
48191,Hall,TX,44
48193,Hamilton,TX,44
48195,Hansford,TX,44
48197,Hardeman,TX,44
48199,Hardin,TX,44
48201,Harris,TX,44
48203,Harrison,TX,44
48205,Hartley,TX,44
48207,Haskell,TX,44
48209,Hays,TX,44
48211,Hemphill,TX,44
48213,Henderson,TX,44
48215,Hidalgo,TX,44
48217,Hill,TX,44
48219,Hockley,TX,44
48221,Hood,TX,44
48223,Hopkins,TX,44
48225,Houston,TX,44
48227,Howard,TX,44
48229,Hudspeth,TX,44
48231,Hunt,TX,44
48233,Hutchinson,TX,44
48235,Irion,TX,44
48237,Jack,TX,44
48239,Jackson,TX,44
48241,Jasper,TX,44
48243,Jeff Davis,TX,44
48245,Jefferson,TX,44
48247,Jim Hogg,TX,44
48249,Jim Wells,TX,44
48251,Johnson,TX,44
48253,Jones,TX,44
48255,Karnes,TX,44
48257,Kaufman,TX,44
48259,Kendall,TX,44
48261,Kenedy,TX,44
48263,Kent,TX,44
48265,Kerr,TX,44
48267,Kimble,TX,44
48269,King,TX,44
48271,Kinney,TX,44
48273,Kleberg,TX,44
48275,Knox,TX,44
48277,Lamar,TX,44
48279,Lamb,TX,44
48281,Lampasas,TX,44
48283,La Salle,TX,44
48285,Lavaca,TX,44
48287,Lee,TX,44
48289,Leon,TX,44
48291,Liberty,TX,44
48293,Limestone,TX,44
48295,Lipscomb,TX,44
48297,Live Oak,TX,44
48299,Llano,TX,44
48301,Loving,TX,44
48303,Lubbock,TX,44
48305,Lynn,TX,44
48307,McCulloch,TX,44
48309,McLennan,TX,44
48311,McMullen,TX,44
48313,Madison,TX,44
48315,Marion,TX,44
48317,Martin,TX,44
48319,Mason,TX,44
48321,Matagorda,TX,44
48323,Maverick,TX,44
48325,Medina,TX,44
48327,Menard,TX,44
48329,Midland,TX,44
48331,Milam,TX,44
48333,Mills,TX,44
48335,Mitchell,TX,44
48337,Montague,TX,44
48339,Montgomery,TX,44
48341,Moore,TX,44
48343,Morris,TX,44
48345,Motley,TX,44
48347,Nacogdoches,TX,44
48349,Navarro,TX,44
48351,Newton,TX,44
48353,Nolan,TX,44
48355,Nueces,TX,44
48357,Ochiltree,TX,44
48359,Oldham,TX,44
48361,Orange,TX,44
48363,Palo Pinto,TX,44
48365,Panola,TX,44
48367,Parker,TX,44
48369,Parmer,TX,44
48371,Pecos,TX,44
48373,Polk,TX,44
48375,Potter,TX,44
48377,Presidio,TX,44
48379,Rains,TX,44
48381,Randall,TX,44
48383,Reagan,TX,44
48385,Real,TX,44
48387,Red River,TX,44
48389,Reeves,TX,44
48391,Refugio,TX,44
48393,Roberts,TX,44
48395,Robertson,TX,44
48397,Rockwall,TX,44
48399,Runnels,TX,44
48401,Rusk,TX,44
48403,Sabine,TX,44
48405,San Augustine,TX,44
48407,San Jacinto,TX,44
48409,San Patricio,TX,44
48411,San Saba,TX,44
48413,Schleicher,TX,44
48415,Scurry,TX,44
48417,Shackelford,TX,44
48419,Shelby,TX,44
48421,Sherman,TX,44
48423,Smith,TX,44
48425,Somervell,TX,44
48427,Starr,TX,44
48429,Stephens,TX,44
48431,Sterling,TX,44
48433,Stonewall,TX,44
48435,Sutton,TX,44
48437,Swisher,TX,44
48439,Tarrant,TX,44
48441,Taylor,TX,44
48443,Terrell,TX,44
48445,Terry,TX,44
48447,Throckmorton,TX,44
48449,Titus,TX,44
48451,Tom Green,TX,44
48453,Travis,TX,44
48455,Trinity,TX,44
48457,Tyler,TX,44
48459,Upshur,TX,44
48461,Upton,TX,44
48463,Uvalde,TX,44
48465,Val Verde,TX,44
48467,Van Zandt,TX,44
48469,Victoria,TX,44
48471,Walker,TX,44
48473,Waller,TX,44
48475,Ward,TX,44
48477,Washington,TX,44
48479,Webb,TX,44
48481,Wharton,TX,44
48483,Wheeler,TX,44
48485,Wichita,TX,44
48487,Wilbarger,TX,44
48489,Willacy,TX,44
48491,Williamson,TX,44
48493,Wilson,TX,44
48495,Winkler,TX,44
48497,Wise,TX,44
48499,Wood,TX,44
48501,Yoakum,TX,44
48503,Young,TX,44
48505,Zapata,TX,44
48507,Zavala,TX,44
49001,Beaver,UT,45
49003,Box Elder,UT,45
49005,Cache,UT,45
49007,Carbon,UT,45
49009,Daggett,UT,45
49011,Davis,UT,45
49013,Duchesne,UT,45
49015,Emery,UT,45
49017,Garfield,UT,45
49019,Grand,UT,45
49021,Iron,UT,45
49023,Juab,UT,45
49025,Kane,UT,45
49027,Millard,UT,45
49029,Morgan,UT,45
49031,Piute,UT,45
49033,Rich,UT,45
49035,Salt Lake,UT,45
49037,San Juan,UT,45
49039,Sanpete,UT,45
49041,Sevier,UT,45
49043,Summit,UT,45
49045,Tooele,UT,45
49047,Uintah,UT,45
49049,Utah,UT,45
49051,Wasatch,UT,45
49053,Washington,UT,45
49055,Wayne,UT,45
49057,Weber,UT,45
50001,Addison,VT,46
50003,Bennington,VT,46
50005,Caledonia,VT,46
50007,Chittenden,VT,46
50009,Essex,VT,46
50011,Franklin,VT,46
50013,Grand Isle,VT,46
50015,Lamoille,VT,46
50017,Orange,VT,46
50019,Orleans,VT,46
50021,Rutland,VT,46
50023,Washington,VT,46
50025,Windham,VT,46
50027,Windsor,VT,46
51001,Accomack,VA,47
51003,Albemarle,VA,47
51005,Alleghany,VA,47
51007,Amelia,VA,47
51009,Amherst,VA,47
51011,Appomattox,VA,47
51013,Arlington,VA,47
51015,Augusta,VA,47
51017,Bath,VA,47
51019,Bedford,VA,47
51021,Bland,VA,47
51023,Botetourt,VA,47
51025,Brunswick,VA,47
51027,Buchanan,VA,47
51029,Buckingham,VA,47
51031,Campbell,VA,47
51033,Caroline,VA,47
51035,Carroll,VA,47
51036,Charles City,VA,47
51037,Charlotte,VA,47
51041,Chesterfield,VA,47
51043,Clarke,VA,47
51045,Craig,VA,47
51047,Culpeper,VA,47
51049,Cumberland,VA,47
51051,Dickenson,VA,47
51053,Dinwiddie,VA,47
51057,Essex,VA,47
51059,Fairfax,VA,47
51061,Fauquier,VA,47
51063,Floyd,VA,47
51065,Fluvanna,VA,47
51067,Franklin,VA,47
51069,Frederick,VA,47
51071,Giles,VA,47
51073,Gloucester,VA,47
51075,Goochland,VA,47
51077,Grayson,VA,47
51079,Greene,VA,47
51081,Greensville,VA,47
51083,Halifax,VA,47
51085,Hanover,VA,47
51087,Henrico,VA,47
51089,Henry,VA,47
51091,Highland,VA,47
51093,Isle of Wight,VA,47
51095,James City,VA,47
51097,King and Queen,VA,47
51099,King George,VA,47
51101,King William,VA,47
51103,Lancaster,VA,47
51105,Lee,VA,47
51107,Loudoun,VA,47
51109,Louisa,VA,47
51111,Lunenburg,VA,47
51113,Madison,VA,47
51115,Mathews,VA,47
51117,Mecklenburg,VA,47
51119,Middlesex,VA,47
51121,Montgomery,VA,47
51125,Nelson,VA,47
51127,New Kent,VA,47
51131,Northampton,VA,47
51133,Northumberland,VA,47
51135,Nottoway,VA,47
51137,Orange,VA,47
51139,Page,VA,47
51141,Patrick,VA,47
51143,Pittsylvania,VA,47
51145,Powhatan,VA,47
51147,Prince Edward,VA,47
51149,Prince George,VA,47
51153,Prince William,VA,47
51155,Pulaski,VA,47
51157,Rappahannock,VA,47
51159,Richmond,VA,47
51161,Roanoke,VA,47
51163,Rockbridge,VA,47
51165,Rockingham,VA,47
51167,Russell,VA,47
51169,Scott,VA,47
51171,Shenandoah,VA,47
51173,Smyth,VA,47
51175,Southampton,VA,47
51177,Spotsylvania,VA,47
51179,Stafford,VA,47
51181,Surry,VA,47
51183,Sussex,VA,47
51185,Tazewell,VA,47
51187,Warren,VA,47
51191,Washington,VA,47
51193,Westmoreland,VA,47
51195,Wise,VA,47
51197,Wythe,VA,47
51199,York,VA,47
51510,Alexandria City,VA,47
51515,Bedford City,VA,47
51520,Bristol City,VA,47
51530,Buena Vista City,VA,47
51540,Charlottesville City,VA,47
51550,Chesapeake City,VA,47
51560,Clifton Forge City,VA,47
51570,Colonial Heights Cit,VA,47
51580,Covington City,VA,47
51590,Danville City,VA,47
51595,Emporia City,VA,47
51600,Fairfax City,VA,47
51610,Falls Church City,VA,47
51620,Franklin City,VA,47
51630,Fredericksburg City,VA,47
51640,Galax City,VA,47
51650,Hampton City,VA,47
51660,Harrisonburg City,VA,47
51670,Hopewell City,VA,47
51678,Lexington City,VA,47
51680,Lynchburg City,VA,47
51683,Manassas City,VA,47
51685,Manassas Park City,VA,47
51690,Martinsville City,VA,47
51700,Newport News City,VA,47
51710,Norfolk City,VA,47
51720,Norton City,VA,47
51730,Petersburg City,VA,47
51735,Poquoson City,VA,47
51740,Portsmouth City,VA,47
51750,Radford City,VA,47
51760,Richmond City,VA,47
51770,Roanoke City,VA,47
51775,Salem City,VA,47
51780,South Boston City,VA,47
51790,Staunton City,VA,47
51800,Suffolk City,VA,47
51810,Virginia Beach City,VA,47
51820,Waynesboro City,VA,47
51830,Williamsburg City,VA,47
51840,Winchester City,VA,47
53001,Adams,WA,48
53003,Asotin,WA,48
53005,Benton,WA,48
53007,Chelan,WA,48
53009,Clallam,WA,48
53011,Clark,WA,48
53013,Columbia,WA,48
53015,Cowlitz,WA,48
53017,Douglas,WA,48
53019,Ferry,WA,48
53021,Franklin,WA,48
53023,Garfield,WA,48
53025,Grant,WA,48
53027,Grays Harbor,WA,48
53029,Island,WA,48
53031,Jefferson,WA,48
53033,King,WA,48
53035,Kitsap,WA,48
53037,Kittitas,WA,48
53039,Klickitat,WA,48
53041,Lewis,WA,48
53043,Lincoln,WA,48
53045,Mason,WA,48
53047,Okanogan,WA,48
53049,Pacific,WA,48
53051,Pend Oreille,WA,48
53053,Pierce,WA,48
53055,San Juan,WA,48
53057,Skagit,WA,48
53059,Skamania,WA,48
53061,Snohomish,WA,48
53063,Spokane,WA,48
53065,Stevens,WA,48
53067,Thurston,WA,48
53069,Wahkiakum,WA,48
53071,Walla Walla,WA,48
53073,Whatcom,WA,48
53075,Whitman,WA,48
53077,Yakima,WA,48
54001,Barbour,WV,49
54003,Berkeley,WV,49
54005,Boone,WV,49
54007,Braxton,WV,49
54009,Brooke,WV,49
54011,Cabell,WV,49
54013,Calhoun,WV,49
54015,Clay,WV,49
54017,Doddridge,WV,49
54019,Fayette,WV,49
54021,Gilmer,WV,49
54023,Grant,WV,49
54025,Greenbrier,WV,49
54027,Hampshire,WV,49
54029,Hancock,WV,49
54031,Hardy,WV,49
54033,Harrison,WV,49
54035,Jackson,WV,49
54037,Jefferson,WV,49
54039,Kanawha,WV,49
54041,Lewis,WV,49
54043,Lincoln,WV,49
54045,Logan,WV,49
54047,McDowell,WV,49
54049,Marion,WV,49
54051,Marshall,WV,49
54053,Mason,WV,49
54055,Mercer,WV,49
54057,Mineral,WV,49
54059,Mingo,WV,49
54061,Monongalia,WV,49
54063,Monroe,WV,49
54065,Morgan,WV,49
54067,Nicholas,WV,49
54069,Ohio,WV,49
54071,Pendleton,WV,49
54073,Pleasants,WV,49
54075,Pocahontas,WV,49
54077,Preston,WV,49
54079,Putnam,WV,49
54081,Raleigh,WV,49
54083,Randolph,WV,49
54085,Ritchie,WV,49
54087,Roane,WV,49
54089,Summers,WV,49
54091,Taylor,WV,49
54093,Tucker,WV,49
54095,Tyler,WV,49
54097,Upshur,WV,49
54099,Wayne,WV,49
54101,Webster,WV,49
54103,Wetzel,WV,49
54105,Wirt,WV,49
54107,Wood,WV,49
54109,Wyoming,WV,49
55001,Adams,WI,50
55003,Ashland,WI,50
55005,Barron,WI,50
55007,Bayfield,WI,50
55009,Brown,WI,50
55011,Buffalo,WI,50
55013,Burnett,WI,50
55015,Calumet,WI,50
55017,Chippewa,WI,50
55019,Clark,WI,50
55021,Columbia,WI,50
55023,Crawford,WI,50
55025,Dane,WI,50
55027,Dodge,WI,50
55029,Door,WI,50
55031,Douglas,WI,50
55033,Dunn,WI,50
55035,Eau Claire,WI,50
55037,Florence,WI,50
55039,Fond du Lac,WI,50
55041,Forest,WI,50
55043,Grant,WI,50
55045,Green,WI,50
55047,Green Lake,WI,50
55049,Iowa,WI,50
55051,Iron,WI,50
55053,Jackson,WI,50
55055,Jefferson,WI,50
55057,Juneau,WI,50
55059,Kenosha,WI,50
55061,Kewaunee,WI,50
55063,La Crosse,WI,50
55065,Lafayette,WI,50
55067,Langlade,WI,50
55069,Lincoln,WI,50
55071,Manitowoc,WI,50
55073,Marathon,WI,50
55075,Marinette,WI,50
55077,Marquette,WI,50
55078,Menominee,WI,50
55079,Milwaukee,WI,50
55081,Monroe,WI,50
55083,Oconto,WI,50
55085,Oneida,WI,50
55087,Outagamie,WI,50
55089,Ozaukee,WI,50
55091,Pepin,WI,50
55093,Pierce,WI,50
55095,Polk,WI,50
55097,Portage,WI,50
55099,Price,WI,50
55101,Racine,WI,50
55103,Richland,WI,50
55105,Rock,WI,50
55107,Rusk,WI,50
55109,St Croix,WI,50
55111,Sauk,WI,50
55113,Sawyer,WI,50
55115,Shawano,WI,50
55117,Sheboygan,WI,50
55119,Taylor,WI,50
55121,Trempealeau,WI,50
55123,Vernon,WI,50
55125,Vilas,WI,50
55127,Walworth,WI,50
55129,Washburn,WI,50
55131,Washington,WI,50
55133,Waukesha,WI,50
55135,Waupaca,WI,50
55137,Waushara,WI,50
55139,Winnebago,WI,50
55141,Wood,WI,50
56001,Albany,WY,51
56003,Big Horn,WY,51
56005,Campbell,WY,51
56007,Carbon,WY,51
56009,Converse,WY,51
56011,Crook,WY,51
56013,Fremont,WY,51
56015,Goshen,WY,51
56017,Hot Springs,WY,51
56019,Johnson,WY,51
56021,Laramie,WY,51
56023,Lincoln,WY,51
56025,Natrona,WY,51
56027,Niobrara,WY,51
56029,Park,WY,51
56031,Platte,WY,51
56033,Sheridan,WY,51
56035,Sublette,WY,51
56037,Sweetwater,WY,51
56039,Teton,WY,51
56041,Uinta,WY,51
56043,Washakie,WY,51
56045,Weston,WY,51
60010,Unknown,AS,#N/A
60020,Manua,AS,#N/A
60020,Ofu,AS,#N/A
60020,Olosega,AS,#N/A
60050,Tutuila,AS,#N/A
66010,Cocos Island,MP,#N/A
66010,Guam,GU,#N/A
69100,Rota,MP,#N/A
69110,Saipan,MP,#N/A
69120,Aguijan,MP,#N/A
69120,Tinian,MP,#N/A
72001,Adjuntas,PR,PR
72003,Aguada,PR,PR
72005,Aguadilla,PR,PR
72007,Aguas Buenas,PR,PR
72009,Aibonito,PR,PR
72011,Anasco,PR,PR
72013,Arecibo,PR,PR
72015,Arroyo,PR,PR
72017,Barceloneta,PR,PR
72019,Barranquitas,PR,PR
72021,Bayamon,PR,PR
72023,Cabo Rojo,PR,PR
72025,Caguas,PR,PR
72027,Camuy,PR,PR
72029,Canovanas,PR,PR
72031,Carolina,PR,PR
72033,Catano,PR,PR
72035,Cayey,PR,PR
72037,Ceiba,PR,PR
72041,Cidra,PR,PR
72043,Coamo,PR,PR
72045,Comerio,PR,PR
72047,Corozal,PR,PR
72049,Culebra,PR,PR
72051,Dorado,PR,PR
72053,Fajardo,PR,PR
72054,Florida,PR,PR
72055,Guanica,PR,PR
72057,Guayama,PR,PR
72059,Guayanilla,PR,PR
72061,Guaynabo,PR,PR
72063,Gurabo,PR,PR
72065,Hatillo,PR,PR
72067,Hormigueros,PR,PR
72071,Isabela,PR,PR
72073,Jayuya,PR,PR
72075,Juana Diaz,PR,PR
72077,Juncos,PR,PR
72079,Lajas,PR,PR
72081,Lares,PR,PR
72083,Las Marias,PR,PR
72085,Las Piedras,PR,PR
72087,Loiza,PR,PR
72089,Luquillo,PR,PR
72091,Manati,PR,PR
72093,Maricao,PR,PR
72095,Maunabo,PR,PR
72097,Mayaguez,PR,PR
72099,Moca,PR,PR
72101,Morovis,PR,PR
72103,Nabuabo,PR,PR
72105,Naranjito,PR,PR
72107,Orocovis,PR,PR
72109,Patillas,PR,PR
72111,Penuelas,PR,PR
72113,Ponce,PR,PR
72115,Quebradillas,PR,PR
72117,Rincon,PR,PR
72119,Rio Grande,PR,PR
72121,Sabana Grande,PR,PR
72123,Salinas,PR,PR
72125,San German,PR,PR
72127,San Juan,PR,PR
72129,San Lorenzo,PR,PR
72131,San Sabastian,PR,PR
72133,Santa Isabel,PR,PR
72135,Toa Alta,PR,PR
72137,Toa Baja,PR,PR
72139,Trujillo Alto,PR,PR
72141,Utuado,PR,PR
72143,Vega Alta,PR,PR
72145,Vega Baja,PR,PR
72147,Vieques,PR,PR
72149,Villalba,PR,PR
72151,Yabucoa,PR,PR
72153,Yauco,PR,PR
78010,St. Croix,VI,VI
78020,St. John,VI,VI
78030,St. Thomas,VI,VI
